Proxy address:port,Proxy type,Anonymity*,Country (city),Hostname/ORG,Latency**,Speed***,Uptime,Check date (GMT+03)
104.168.143.247:8088,HTTP,ANM,United States,hwsrv-656330.hostwindsdns.com (HOSTWINDS),6.897,,35% (11) -,11-nov-2021 18:51 (4 mins ago)
185.17.134.149:45984,HTTPS,HIA,Russia,185.17.134.149 (JSC Elektrosvyaz),6.109,,21% (113) -,11-nov-2021 18:47 (8 mins ago)
3.221.160.47:49205,HTTP,HIA,United States (Ashburn),ec2-3-221-160-47.compute-1.amazonaws.com (AMAZON-AES),11.769,,33% (1) -,11-nov-2021 18:40 (15 mins ago)
181.143.106.162:52151,HTTP,HIA,Colombia (Medellín),static-181-143-106-162.une.net.co (EPM Telecomunicaciones S.A. E.S.P.),5.184,,20% (82) -,11-nov-2021 18:39 (17 mins ago)
196.216.215.29:56975,HTTP,HIA,South Africa (Heidelberg) !!!,196.216.215.29 (Centracom),10.367,,10% (11) -,11-nov-2021 18:38 (18 mins ago)
52.3.234.38:49205,HTTP,HIA,United States (Ashburn),ec2-52-3-234-38.compute-1.amazonaws.com (AMAZON-AES),8.333,,28% (5) -,11-nov-2021 18:37 (19 mins ago)
159.65.53.52:8080,HTTP,HIA,United Kingdom (London),binancesmart.fernando-rubio.site (DIGITALOCEAN-ASN),5.898,,14% (3) -,11-nov-2021 18:33 (23 mins ago)
159.65.189.145:8080,HTTP,HIA,United States (Clifton),api1.fiscal.io (DIGITALOCEAN-ASN),0.37,,46% (22) +,11-nov-2021 18:30 (25 mins ago)
36.37.139.2:43997,HTTPS,HIA,Cambodia (Phnom Penh),36.37.139.2 (ISPIXP IN CAMBODIA WITH THE BEST VERVICE IN THERE.),6.092,,17% (98) -,11-nov-2021 18:27 (29 mins ago)
62.33.210.34:58918,HTTP,HIA,Russia (Izhevsk),62.33.210.34 (Joint Stock Company TransTeleCom),6.057,,24% (115) -,11-nov-2021 18:26 (29 mins ago)
168.138.211.5:8080,HTTPS,HIA,Japan (Tokyo),168.138.211.5 (ORACLE-BMC-31898),11.144,,14% (185) -,11-nov-2021 18:20 (35 mins ago)
41.77.13.186:53281,HTTP,HIA,Malawi (Limbe),41.77.13.186 (globe-as),6.696,,17% (25) -,11-nov-2021 18:19 (37 mins ago)
3.237.181.245:49205,HTTP,HIA,United States (Ashburn),ec2-3-237-181-245.compute-1.amazonaws.com (AMAZON-AES),5.98,,30% (3) -,11-nov-2021 18:19 (37 mins ago)
3.238.58.169:49205,HTTP,HIA,United States (Ashburn),ec2-3-238-58-169.compute-1.amazonaws.com (AMAZON-AES),9.781,,50% (4) -,11-nov-2021 18:17 (39 mins ago)
103.103.212.33:53281,HTTPS,HIA,India (Indore) !!!,103.103.212.33 (Five network Broadband Solution Pvt Ltd),2.317,,6% (1) -,11-nov-2021 18:16 (40 mins ago)
186.29.163.97:49787,HTTP,HIA,Colombia (Bogotá),static-186-29-163-97.static.etb.net.co (Colombia),10.033,,21% (98) -,11-nov-2021 18:15 (41 mins ago)
92.118.92.107:8181,HTTP,HIA,Russia (Krasnodar),92-118-92-107.krasnodar.telecomsky.ru (Ugryumov Roman Yurievich),3.121,,14% (11) -,11-nov-2021 18:13 (42 mins ago)
108.61.166.245:28118,HTTP,HIA,Netherlands (Amsterdam),108.61.166.245.vultr.com (AS-CHOOPA),0.352,,33% (1) -,11-nov-2021 18:12 (44 mins ago)
146.56.168.15:59394,HTTP,ANM,South Korea (Seoul),146.56.168.15 (ORACLE-BMC-31898),4.231,,25% (1) -,11-nov-2021 18:08 (48 mins ago)
128.199.89.215:2052,HTTP,HIA,Singapore (Singapore),128.199.89.215 (DIGITALOCEAN-ASN),4.192,,36% (14) -,11-nov-2021 18:07 (49 mins ago)
185.243.14.1:8083,HTTP,HIA,Germany !!!,185.243.14.1 (Star Satellite Communications Company - PJSC),5.675,,10% (11) -,11-nov-2021 17:56 (59 mins ago)
87.255.13.217:8080,HTTP,HIA,Russia (Khimki),host-87-255-13-217.bigtelecom.ru (Big Telecom Jsc),8.107,,29% (498) -,11-nov-2021 17:51 (1 hours ago)
103.250.157.39:6666,HTTP,HIA,India (Godhra),103.250.157.39 (Gujarat Telelink Pvt Ltd),10.43,,20% (48) -,11-nov-2021 17:49 (1 hours ago)
134.19.254.2:21231,HTTP,HIA,Georgia (K`alak`i T`bilisi),134.19.254.2 (Magticom Ltd.),5.459,,30% (117) -,11-nov-2021 17:39 (1 hours ago)
103.251.225.13:34052,HTTP,HIA,India (Bharuch),103.251.225.13 (Gujarat Telelink Pvt Ltd),4.243,,29% (74) -,11-nov-2021 17:37 (1 hours ago)
92.247.2.26:21231,HTTPS,HIA,Bulgaria (Sofia),92.247.2.26 (A1 Bulgaria EAD),4.347,,21% (101) -,11-nov-2021 17:36 (1 hours ago)
3.238.148.66:49205,HTTP,HIA,United States (Ashburn),ec2-3-238-148-66.compute-1.amazonaws.com (AMAZON-AES),9.96,,25% (3) -,11-nov-2021 17:36 (1 hours ago)
3.238.164.89:49205,HTTPS,HIA,United States (Ashburn),ec2-3-238-164-89.compute-1.amazonaws.com (AMAZON-AES),14.12,,38% (5) -,11-nov-2021 17:33 (1 hours ago)
170.155.5.235:8080,HTTP,ANM,Argentina (Castelar) !!!,host-170-155-5-235.gba.gov.ar (Gobernacion de la Provincia de Buenos Aires),7.03,,47% (63) -,11-nov-2021 17:27 (1 hours ago)
190.104.3.244:6969,HTTP,HIA,Bolivia (Santa Cruz),SCZ-190-104-3-00244.tigo.bo (Telefonica Celular de Bolivia S.A.),13.342,,31% (48) -,11-nov-2021 17:26 (1 hours ago)
103.241.227.110:6666,HTTP,HIA,India (Gurgaon),103.241.227.110 (Gujarat Telelink Pvt Ltd),8.192,,18% (23) -,11-nov-2021 17:21 (1 hours ago)
165.16.22.166:8080,HTTP,HIA,Libyan Arab Jamahiriya,165.16.22.166 (Aljeel-net),2.641,,21% (8) -,11-nov-2021 17:19 (1 hours ago)
89.189.128.183:8080,HTTP,HIA,Russia (Podymalovo),89.189.128.183.static.ufanet.ru (JSC Ufanet),3.435,,26% (81) -,11-nov-2021 17:17 (1 hours ago)
197.232.65.40:55443,HTTP,HIA,Kenya (Nairobi),197.232.65.40 (JTL),3.714,,25% (60) -,11-nov-2021 17:15 (1 hours ago)
72.47.152.224:55443,HTTP,HIA,United States (Forney),72-47-152-224.terlcmtk02.com.sta.suddenlink.net (SUDDENLINK-COMMUNICATIONS),12.126,,22% (90) -,11-nov-2021 17:15 (1 hours ago)
95.211.184.218:8000,HTTP,ANM,Netherlands,server754.seedhost.eu (LeaseWeb Netherlands B.V.),7.022,,50% (3) +,11-nov-2021 17:15 (1 hours ago)
185.37.211.222:50330,HTTP,HIA,Portugal (Lisbon),222.211.37.185.rev.vodafone.pt (Vodafone Portugal - Communicacoes Pessoais S.A.),7.728,,28% (236) -,11-nov-2021 17:14 (1 hours ago)
77.233.5.68:55443,HTTP,HIA,Russia (Krasnodar),77.233.5.68 (Yug-Link Ltd.),7.373,,27% (82) -,11-nov-2021 17:09 (1 hours ago)
77.37.215.211:8000,HTTPS,HIA,Russia (Moscow) !!!,broadband-77-37-215-211.ip.moscow.rt.ru (Rostelecom),0.21,,6% (7) -,11-nov-2021 17:08 (1 hours ago)
3.235.88.191:49205,HTTP,HIA,United States (Ashburn),ec2-3-235-88-191.compute-1.amazonaws.com (AMAZON-AES),9.439,,25% (1) -,11-nov-2021 17:07 (1 hours ago)
77.40.252.172:8080,HTTPS,HIA,Norway (Oslo) !!!,77-40-252-172.customer.powertech.no (Globalconnect As),0.159,,18% (15) +,11-nov-2021 17:04 (1 hours ago)
190.152.5.126:53040,HTTP,HIA,Ecuador,126.5.152.190.static.anycast.cnt-grms.ec (CORPORACION NACIONAL DE TELECOMUNICACIONES - CNT EP),5.164,,30% (230) +,11-nov-2021 16:57 (1 hours ago)
185.56.209.114:52342,HTTP,HIA,Poland (Chrzanow),185-56-209-114.ip4.greenlan.pl (GreenLan Fiber Sp. z o.o. Sp.k.),1.619,,13% (66) -,11-nov-2021 16:55 (2 hours ago)
124.219.176.139:39589,HTTP,HIA,Japan (Sumida),p7cdbb08b.tokyff01.ap.so-net.ne.jp (Sony Network Communications Inc.),5.362,,29% (561) -,11-nov-2021 16:54 (2 hours ago)
3.228.4.147:49205,HTTP,HIA,United States (Ashburn),ec2-3-228-4-147.compute-1.amazonaws.com (AMAZON-AES),12.691,,43% (3) -,11-nov-2021 16:53 (2 hours ago)
121.244.147.137:8080,HTTP,ANM,India (Gurgaon) !!!,121.244.147.137 (TATA Communications formerly VSNL is Leading ISP),7.558,,41% (20) -,11-nov-2021 16:50 (2 hours ago)
194.233.69.41:443,HTTPS,HIA,Singapore (Singapore),vmi619920.contaboserver.net (Contabo Asia Private Limited),9.377,,39% (81) -,11-nov-2021 16:46 (2 hours ago)
52.4.158.30:3128,HTTP,ANM,United States (Ashburn) !!!,ec2-52-4-158-30.compute-1.amazonaws.com (AMAZON-AES),7.949,,21% (149) -,11-nov-2021 16:42 (2 hours ago)
3.235.17.37:49205,HTTPS,HIA,United States (Ashburn),ec2-3-235-17-37.compute-1.amazonaws.com (AMAZON-AES),12.466,,75% (6) -,11-nov-2021 16:41 (2 hours ago)
34.200.226.215:49205,HTTP,HIA,United States (Ashburn),ec2-34-200-226-215.compute-1.amazonaws.com (AMAZON-AES),13.839,,40% (4) -,11-nov-2021 16:33 (2 hours ago)
37.112.34.55:8080,HTTP,HIA,Russia (Rostov-on-Don),37.112.34.55 (JSC ER-Telecom Holding),4.97,,19% (10) -,11-nov-2021 16:30 (2 hours ago)
27.109.116.28:55443,HTTPS,HIA,Cambodia (Phnom Penh),"27.109.116.28 (CAMBODIAN SINGMENG TELEMEDIA CO., LTD)",3.685,,28% (61) -,11-nov-2021 16:28 (2 hours ago)
154.79.244.62:58792,HTTP,HIA,Kenya,62-244-79-154.r.airtelkenya.com (CKL1-ASN),2.681,,9% (25) -,11-nov-2021 16:28 (2 hours ago)
14.238.99.105:3128,HTTP,HIA,VietNam !!!,static.vnpt.vn (VNPT Corp),5.375,,16% (32) -,11-nov-2021 16:27 (2 hours ago)
187.216.90.46:53281,HTTP,HIA,Mexico (Ciudad Juárez),customer-187-216-90-46.uninet-ide.com.mx (Uninet S.A. de C.V.),11.079,,18% (94) -,11-nov-2021 16:25 (2 hours ago)
92.84.56.10:50782,HTTPS,HIA,Romania (Dorohoi),92.84.56.10 (Telekom Romania Communication S.A),4.534,,19% (72) -,11-nov-2021 16:22 (2 hours ago)
103.107.92.1:52827,HTTP,HIA,India (New Delhi) !!!,103.107.92.1 (Netncr Technology Pvt. Ltd.),7.903,,12% (57) -,11-nov-2021 16:10 (2 hours ago)
77.50.104.110:3128,HTTPS,HIA,Russia (Moscow),institutbi_cl1-110.starlink.ru (Megasvyaz LLC),3.5,,20% (25) -,11-nov-2021 16:08 (2 hours ago)
182.72.150.242:8080,HTTP,ANM,India (Hospet) !!!,nsg-static-242.150.72.182.airtel.in (BHARTI Airtel Ltd.),1.853,,32% (256) -,11-nov-2021 16:01 (2 hours ago)
217.195.203.28:3130,HTTP,ANM,Turkey,static-217-195-203-28.fibersunucu.com.tr (FS Veri Merkezi Internet Teknolojileri Limited Sirketi),8.302,,16% (58) -,11-nov-2021 16:00 (2 hours ago)
170.238.255.90:31113,HTTP,HIA,Mexico (San Nicolás de los Garza),238-255-90.citro.com.mx (Sierra Madre Internet SA de CV),5.524,,20% (110) -,11-nov-2021 15:58 (2 hours ago)
5.190.29.161:8080,HTTP,ANM,Iran,5.190.29.161 (Iran Telecommunication Company PJS),6.351,,22% (64) -,11-nov-2021 15:57 (2 hours ago)
82.99.232.18:58689,HTTP,HIA,Iran,pcomtelecom.net (Pars Online PJS),8.568,,32% (367) -,11-nov-2021 15:56 (3 hours ago)
91.211.107.204:41258,HTTP,HIA,Russia (Moscow),91.211.107.204 (Balnet Ltd.),0.662,,32% (116) -,11-nov-2021 15:47 (3 hours ago)
5.58.33.187:55507,HTTP,HIA,Ukraine (Ternopil),host-5-58-33-187.bitternet.ua (Lanet Network Ltd),6.664,,20% (38) -,11-nov-2021 15:37 (3 hours ago)
180.182.47.154:3128,HTTP,ANM,South Korea !!!,180.182.47.154 (LG HelloVision Corp.),6.139,,30% (28) -,11-nov-2021 15:37 (3 hours ago)
109.195.194.79:60992,HTTPS,HIA,Russia (Ulyanovsk),109.195.194.79.in-addr.arpa (JSC ER-Telecom Holding),5.249,,20% (121) -,11-nov-2021 15:33 (3 hours ago)
103.197.60.170:3128,HTTP,ANM,New Zealand !!!,h60-170.catalyst.net.nz (Catalyst.Net Ltd),3.533,,88% (7) +,11-nov-2021 15:32 (3 hours ago)
3.239.201.195:49205,HTTPS,HIA,United States (Ashburn),ec2-3-239-201-195.compute-1.amazonaws.com (AMAZON-AES),7.22,,33% (3) -,11-nov-2021 15:29 (3 hours ago)
195.154.60.82:3128,HTTPS,ANM,France (Bagneux),mail.pwlk.fr (Online S.a.s.),6.026,,27% (27) -,11-nov-2021 15:15 (3 hours ago)
37.26.136.181:52271,HTTP,HIA,Moldova (Tiraspol),181.136.26.37.dyn.idknet.com (Societatea mixta pe actiuni de tip inchis Interdnestrcom),10.151,,26% (137) -,11-nov-2021 15:15 (3 hours ago)
103.250.166.4:6666,HTTP,HIA,India (Gandhidham),103.250.166.4 (Gujarat Telelink Pvt Ltd),2,,17% (31) -,11-nov-2021 15:11 (3 hours ago)
188.32.226.107:8000,HTTP,HIA,Russia (Moscow) !!!,broadband-188-32-226-107.ip.moscow.rt.ru (Rostelecom),14.573,,14% (9) +,11-nov-2021 15:06 (3 hours ago)
45.61.184.60:3128,HTTP,ANM,United States (Miami),server.resposta.net (PONYNET),0.455,,15% (11) +,11-nov-2021 14:55 (4 hours ago)
213.230.121.115:3128,HTTP,HIA,Uzbekistan (Tashkent),213.230.121.115 (Uzbektelekom Joint Stock Company),0.715,,7% (18) -,11-nov-2021 14:53 (4 hours ago)
35.171.225.36:49205,HTTP,HIA,United States (Ashburn),ec2-35-171-225-36.compute-1.amazonaws.com (AMAZON-AES),7.83,,33% (4) -,11-nov-2021 14:52 (4 hours ago)
45.76.174.251:1088,HTTP,HIA,United States (Los Angeles),45.76.174.251.vultr.com (AS-CHOOPA),11.03,,18% (51) -,11-nov-2021 14:51 (4 hours ago)
3.238.32.9:49205,HTTPS,HIA,United States (Ashburn),ec2-3-238-32-9.compute-1.amazonaws.com (AMAZON-AES),7.85,,33% (2) -,11-nov-2021 14:51 (4 hours ago)
3.216.31.69:49205,HTTP,HIA,United States (Ashburn),ec2-3-216-31-69.compute-1.amazonaws.com (AMAZON-AES),8.439,,40% (2) -,11-nov-2021 14:50 (4 hours ago)
71.13.82.30:80,HTTP,ANM,United States (Bay City),071-013-082-030.biz.spectrum.com (CHARTER-20115),2.102,,26% (89) -,11-nov-2021 14:47 (4 hours ago)
34.206.77.75:80,HTTP,ANM,United States (Ashburn),ec2-34-206-77-75.compute-1.amazonaws.com (AMAZON-AES),0.669,,new,11-nov-2021 14:47 (4 hours ago)
159.65.5.141:65534,HTTPS,HIA,Singapore (Singapore),email.ibnux.com (DIGITALOCEAN-ASN),6.166,,26% (113) +,11-nov-2021 14:47 (4 hours ago)
161.35.4.201:80,HTTP,HIA,United States (North Bergen),161.35.4.201 (DIGITALOCEAN-ASN),0.475,,40% (200) -,11-nov-2021 14:44 (4 hours ago)
3.235.55.162:49205,HTTP,HIA,United States (Ashburn),ec2-3-235-55-162.compute-1.amazonaws.com (AMAZON-AES),6.348,,40% (6) -,11-nov-2021 14:43 (4 hours ago)
4.53.28.242:80,HTTPS,ANM,United States,4.53.28.242 (LEVEL3),3.881,,67% (2),11-nov-2021 14:42 (4 hours ago)
124.122.82.203:8213,HTTP,ANM,Thailand (Nonthaburi),ppp-124-122-82-203.revip2.asianet.co.th (True Online),1.569,,40% (2) -,11-nov-2021 13:48 (5 hours ago)
96.9.79.200:6969,HTTP,HIA,Cambodia,"200.79.9.96.sinet.com.kh (SINET, Cambodias specialist Internet and Telecom Service Provider.)",5.614,,25% (23) -,11-nov-2021 13:42 (5 hours ago)
58.185.12.166:8080,HTTP,HIA,Singapore (Singapore),58.185.12.166 (SingNet),1.354,,9% (4) -,11-nov-2021 13:42 (5 hours ago)
3.239.40.239:49205,HTTP,HIA,United States (Ashburn),ec2-3-239-40-239.compute-1.amazonaws.com (AMAZON-AES),5.481,,36% (5) -,11-nov-2021 13:41 (5 hours ago)
5.131.243.11:8080,HTTPS,ANM,Russia !!!,l5-131-243-11.novotelecom.ru (Novotelecom Ltd),7.478,,35% (18) +,11-nov-2021 13:39 (5 hours ago)
54.221.100.190:80,HTTP,HIA,United States (Ashburn),ec2-54-221-100-190.compute-1.amazonaws.com (AMAZON-AES),9.184,,new,11-nov-2021 13:37 (5 hours ago)
216.21.18.253:80,HTTP,ANM,United States (Arlington),216.21.18.253 (NDU-NET),9.394,,72% (28),11-nov-2021 13:35 (5 hours ago)
150.129.250.28:33846,HTTPS,HIA,India (Noida),250.129.150.in-addr.tripleplay.in (TRIPLE PLAY BROADBAND PRIVATE LIMITED),2.342,,22% (100) -,11-nov-2021 13:30 (5 hours ago)
202.69.45.22:8080,HTTPS,HIA,Pakistan (Karachi),202.69.45.22 (GERRYS INFORMATION TECHNOLOGY PVT LTD.),7.909,,20% (162) -,11-nov-2021 13:28 (5 hours ago)
45.56.84.125:80,HTTP,ANM,United States (Fremont),"li886-125.members.linode.com (Linode, LLC)",5.812,,38% (3),11-nov-2021 13:28 (5 hours ago)
3.131.192.183:80,HTTP,ANM,United States (Columbus),ec2-3-131-192-183.us-east-2.compute.amazonaws.com (AMAZON-02),0.542,,100% (2),11-nov-2021 13:24 (5 hours ago)
45.141.138.145:59394,HTTP,ANM,United States,45.141.138.145 (MOACK.Co.LTD),1.428,,new,11-nov-2021 13:23 (5 hours ago)
20.115.50.21:3128,HTTPS,ANM,United States (Washington),20.115.50.21 (MICROSOFT-CORP-MSN-AS-BLOCK),4.106,,25% (1) +,11-nov-2021 13:22 (5 hours ago)
3.227.16.75:49205,HTTP,HIA,United States (Ashburn),ec2-3-227-16-75.compute-1.amazonaws.com (AMAZON-AES),10.361,,25% (2) -,11-nov-2021 13:20 (5 hours ago)
50.250.56.129:46456,HTTP,HIA,United States (Brookfield),50-250-56-129-static.hfc.comcastbusiness.net (COMCAST-7922),5.574,,15% (283) -,11-nov-2021 13:19 (5 hours ago)
116.251.214.12:443,HTTP,HIA,Singapore,116.251.214.12 (SG.GS),10.793,,9% (2) +,11-nov-2021 13:17 (5 hours ago)
18.232.168.137:49205,HTTP,HIA,United States (Ashburn),ec2-18-232-168-137.compute-1.amazonaws.com (AMAZON-AES),8.496,,45% (5) -,11-nov-2021 13:13 (5 hours ago)
3.238.41.132:49205,HTTP,HIA,United States (Ashburn),ec2-3-238-41-132.compute-1.amazonaws.com (AMAZON-AES),9.705,,new -,11-nov-2021 13:01 (5 hours ago)
165.227.100.166:8080,HTTP,HIA,United States (Clifton),api3.fiscal.io (DIGITALOCEAN-ASN),4.183,,36% (21) +,11-nov-2021 13:00 (5 hours ago)
103.73.102.174:60080,HTTP,HIA,Pakistan,103-73-102-174.kkn.com.pk (KK Networks Pvt Ltd.),2.991,,14% (17) -,11-nov-2021 12:56 (6 hours ago)
70.230.224.110:3128,HTTP,ANM,United States (Los Angeles),70.230.224.110 (ATT-INTERNET4),2.43,,11% (4) -,11-nov-2021 12:55 (6 hours ago)
212.120.186.39:60963,HTTP,HIA,Russia (Perm),dial-186-39.permonline.ru (Rostelecom),2.776,,16% (91) -,11-nov-2021 12:55 (6 hours ago)
143.110.151.242:3128,HTTP,ANM,United States (Santa Clara),143.110.151.242 (DIGITALOCEAN-ASN),13.961,,13% (148) -,11-nov-2021 12:50 (6 hours ago)
3.235.127.194:49205,HTTPS,HIA,United States (Ashburn),ec2-3-235-127-194.compute-1.amazonaws.com (AMAZON-AES),7.073,,40% (4) -,11-nov-2021 12:47 (6 hours ago)
3.236.158.45:49205,HTTPS,HIA,United States (Ashburn),ec2-3-236-158-45.compute-1.amazonaws.com (AMAZON-AES),7.195,,38% (8) -,11-nov-2021 12:46 (6 hours ago)
163.172.35.121:8088,HTTPS,ANM,France,163-172-35-121.rev.poneytelecom.eu (Online S.a.s.),1.676,,25% (18) -,11-nov-2021 12:45 (6 hours ago)
190.211.105.86:55443,HTTPS,HIA,Costa Rica (Quesada),190.211.105.86 (Cooperativa de Electrificacion Rural de San Carlos R.L. Coopelesca R.L.),8.744,,18% (98) -,11-nov-2021 12:40 (6 hours ago)
125.17.4.72:8080,HTTP,ANM,India (Bengaluru),125.17.4.72 (BHARTI Airtel Ltd.),1.954,,17% (8) -,11-nov-2021 12:39 (6 hours ago)
3.218.240.96:49205,HTTP,HIA,United States (Ashburn),ec2-3-218-240-96.compute-1.amazonaws.com (AMAZON-AES),9.367,,50% (6) -,11-nov-2021 12:36 (6 hours ago)
41.254.52.188:8080,HTTP,HIA,Libyan Arab Jamahiriya (Benghazi),41.254.52.188 (General Post and Telecommunication Company),1.945,,23% (52) -,11-nov-2021 12:34 (6 hours ago)
187.216.93.20:55443,HTTP,HIA,Mexico (Union de Credito Agricola de Hermosillo),customer-187-216-93-20.uninet-ide.com.mx (Uninet S.A. de C.V.),5.295,,23% (124) -,11-nov-2021 12:33 (6 hours ago)
78.188.118.233:9090,HTTPS,HIA,Turkey (Istanbul),78.188.118.233.static.ttnet.com.tr (Turk Telekom),6.719,,26% (53) -,11-nov-2021 12:29 (6 hours ago)
164.90.186.32:8080,HTTP,ANM,Germany (Frankfurt am Main),164.90.186.32 (DIGITALOCEAN-ASN),0.081,,83% (5) +,11-nov-2021 12:25 (6 hours ago)
167.172.173.210:37823,HTTP,HIA,Germany (Frankfurt am Main) !!!,image-crawler-3.futudata.com (DIGITALOCEAN-ASN),12.13,,35% (8) -,11-nov-2021 12:21 (6 hours ago)
103.12.160.85:31231,HTTP,HIA,Cambodia (Phnom Penh),103.12.160.85 (OpenNet ISP Cambodia),13.713,,24% (59) -,11-nov-2021 12:20 (6 hours ago)
49.51.207.213:808,HTTP,HIA,United States (Santa Clara),"49.51.207.213 (Tencent Building, Kejizhongyi Avenue)",7.21,,23% (146) -,11-nov-2021 12:20 (6 hours ago)
152.67.94.191:8118,HTTP,HIA,Switzerland (Zurich),152.67.94.191 (ORACLE-BMC-31898),7.235,,11% (1) -,11-nov-2021 12:18 (6 hours ago)
18.136.120.121:443,HTTP,ANM,Singapore (Singapore),ec2-18-136-120-121.ap-southeast-1.compute.amazonaws.com (AMAZON-02),1.852,,21% (16) -,11-nov-2021 12:12 (6 hours ago)
165.0.50.110:8080,HTTP,ANM,South Africa (Cape Town) !!!,165.0.50.110 (RSAWEB Internet Services),5.332,,13% (2) -,11-nov-2021 12:08 (6 hours ago)
3.215.177.148:49205,HTTP,HIA,United States (Ashburn),ec2-3-215-177-148.compute-1.amazonaws.com (AMAZON-AES),12.5,,17% (26) -,11-nov-2021 12:05 (6 hours ago)
3.238.34.2:49205,HTTP,HIA,United States (Ashburn),ec2-3-238-34-2.compute-1.amazonaws.com (AMAZON-AES),12.499,,36% (4) -,11-nov-2021 12:05 (6 hours ago)
3.239.186.133:49205,HTTP,HIA,United States (Ashburn),ec2-3-239-186-133.compute-1.amazonaws.com (AMAZON-AES),9.916,,50% (4) -,11-nov-2021 12:01 (6 hours ago)
52.3.228.95:49205,HTTP,HIA,United States (Ashburn),ec2-52-3-228-95.compute-1.amazonaws.com (AMAZON-AES),9.755,,new -,11-nov-2021 11:59 (6 hours ago)
86.34.197.6:23500,HTTP,HIA,Romania (Timișoara),86.34.197.6 (Telekom Romania Communication S.A),1.458,,25% (170) -,11-nov-2021 11:58 (6 hours ago)
58.97.72.83:8080,HTTP,HIA,Thailand (Samut Sakhon),"58-97-72-83.static.asianet.co.th (TRUE INTERNET Co.,Ltd.)",3.351,,28% (512) -,11-nov-2021 11:56 (7 hours ago)
35.169.178.165:3128,HTTP,ANM,United States (Ashburn) !!!,ec2-35-169-178-165.compute-1.amazonaws.com (AMAZON-AES),13.803,,20% (73) -,11-nov-2021 11:55 (7 hours ago)
200.85.169.18:47548,HTTP,HIA,Nicaragua (Managua),host-18-169-85-200-ibw.com.ni (IBW Communications),6.404,,25% (130) -,11-nov-2021 11:50 (7 hours ago)
89.40.48.186:8080,HTTPS,HIA,Kazakhstan (Almaty),comp164-186.2day.kz (Kar-Tel LLC),4.195,,32% (513) -,11-nov-2021 11:46 (7 hours ago)
51.15.242.51:3128,HTTP,HIA,France,51-242-15-51.instances.scw.cloud (Online S.a.s.),2.615,,39% (39) -,11-nov-2021 11:42 (7 hours ago)
89.171.41.90:6969,HTTP,HIA,Poland (Warsaw),89-171-41-90.static.ip.netia.com.pl (Netia SA),8.969,,28% (40) -,11-nov-2021 11:35 (7 hours ago)
162.241.76.185:80,HTTP,HIA,United States !!!,162-241-76-185.unifiedlayer.com (UNIFIEDLAYER-AS-1),1.813,,46% (11) -,11-nov-2021 11:34 (7 hours ago)
34.205.171.175:49205,HTTP,HIA,United States (Ashburn),ec2-34-205-171-175.compute-1.amazonaws.com (AMAZON-AES),8.5,,25% (1),11-nov-2021 11:33 (7 hours ago)
18.234.200.41:49205,HTTP,HIA,United States (Ashburn),ec2-18-234-200-41.compute-1.amazonaws.com (AMAZON-AES),6.891,,50% (2) -,11-nov-2021 11:33 (7 hours ago)
20.115.39.175:49205,HTTP,HIA,United States (Washington),20.115.39.175 (MICROSOFT-CORP-MSN-AS-BLOCK),4.495,,100% (2) -,11-nov-2021 11:31 (7 hours ago)
18.189.31.87:80,HTTP,ANM,United States (Columbus),ec2-18-189-31-87.us-east-2.compute.amazonaws.com (AMAZON-02),4.23,,86% (6),11-nov-2021 11:28 (7 hours ago)
3.140.109.255:80,HTTP,ANM,United States (Columbus),ec2-3-140-109-255.us-east-2.compute.amazonaws.com (AMAZON-02),5.409,,new,11-nov-2021 11:27 (7 hours ago)
176.62.188.158:56351,HTTP,HIA,Russia (Moscow),176.62.188.158 (OOO Istranet),13.412,,22% (135) -,11-nov-2021 11:26 (7 hours ago)
3.238.81.142:49205,HTTP,HIA,United States (Ashburn),ec2-3-238-81-142.compute-1.amazonaws.com (AMAZON-AES),2.656,,38% (5) -,11-nov-2021 11:25 (7 hours ago)
185.20.198.213:22800,HTTP,HIA,Iraq,185.20.198.213 (Horizon Scope Mobile Telecom WLL),5.727,,18% (13) -,11-nov-2021 11:24 (7 hours ago)
83.171.106.94:3128,HTTP,HIA,Russia (Murmansk),ppp.83-171-106-94.pppoe.avangarddsl.ru (Rostelecom),3.337,,33% (7) -,11-nov-2021 11:18 (7 hours ago)
176.118.209.12:53281,HTTPS,HIA,Russia (Ryazan),176.118.209.12 (OnTelecom LLC),3.357,,17% (10) -,11-nov-2021 11:15 (7 hours ago)
101.109.255.18:50538,HTTPS,HIA,Thailand (Bangkok),node-1edu.pool-101-109.dynamic.totinternet.net (TOT Public Company Limited),5.874,,22% (111) -,11-nov-2021 11:01 (7 hours ago)
184.155.36.194:8080,HTTP,HIA,United States (Pocatello),184-155-36-194.cpe.sparklight.net (CABLEONE),3.255,,16% (262) -,11-nov-2021 11:00 (7 hours ago)
54.237.182.209:49205,HTTPS,HIA,United States (Ashburn),ec2-54-237-182-209.compute-1.amazonaws.com (AMAZON-AES),9.99,,28% (5) -,11-nov-2021 10:55 (8 hours ago)
217.195.204.86:3162,HTTP,ANM,Turkey,static-217-195-204-86.fibersunucu.com.tr (FS Veri Merkezi Internet Teknolojileri Limited Sirketi),9.16,,19% (68) -,11-nov-2021 10:41 (8 hours ago)
64.225.16.208:8080,HTTP,HIA,United States (Clifton),api2.fiscal.io (DIGITALOCEAN-ASN),0.526,,37% (19) +,11-nov-2021 10:36 (8 hours ago)
181.129.138.114:30838,HTTP,HIA,Colombia (Manizales),static-bafo-181-129-138-114.une.net.co (EPM Telecomunicaciones S.A. E.S.P.),4.269,,24% (95) -,11-nov-2021 10:32 (8 hours ago)
128.199.45.26:12178,HTTP,ANM,Netherlands (Amsterdam) !!!,128.199.45.26 (DIGITALOCEAN-ASN),5.121,,20% (1) -,11-nov-2021 10:21 (8 hours ago)
41.65.252.101:1976,HTTP,HIA,Egypt,HOST-101-252.65.41.nile-online.net (Etisalat Misr),1.28,,50% (2) +,11-nov-2021 09:50 (9 hours ago)
195.239.178.110:48009,HTTP,HIA,Russia (Vladivostok),195.239.178.110 (PVimpelCom),14.168,,16% (100) -,11-nov-2021 09:38 (9 hours ago)
195.170.38.230:8080,HTTP,HIA,Russia (Mytishchi),station230.masterbank.ru (East Telecom Ltd.),6.715,,18% (134) -,11-nov-2021 09:21 (9 hours ago)
201.184.145.60:999,HTTP,HIA,Colombia (Medellín),static-adsl201-184-145-60.une.net.co (EPM Telecomunicaciones S.A. E.S.P.),4.819,,15% (23) -,11-nov-2021 09:14 (9 hours ago)
44.193.200.149:49205,HTTP,HIA,United States (Ashburn),ec2-44-193-200-149.compute-1.amazonaws.com (AMAZON-AES),9.156,,19% (3) -,11-nov-2021 09:10 (9 hours ago)
18.132.12.120:49205,HTTPS,HIA,United Kingdom (London),ec2-18-132-12-120.eu-west-2.compute.amazonaws.com (AMAZON-02),7.029,,43% (3) -,11-nov-2021 08:54 (10 hours ago)
37.194.226.31:55443,HTTPS,HIA,Russia (Novosibirsk),l37-194-226-31.novotelecom.ru (Novotelecom Ltd),9.735,,21% (3) -,11-nov-2021 08:43 (10 hours ago)
89.250.149.114:60981,HTTP,HIA,Russia (Tyumen),89x250x149x114.static-business.tmn.ertelecom.ru (JSC ER-Telecom Holding),4.491,,30% (207) -,11-nov-2021 08:39 (10 hours ago)
210.56.244.30:8080,HTTPS,HIA,Australia (Melbourne),210.56.244.30 (Cirrus Communications Pty Ltd),3.144,,19% (33) +,11-nov-2021 08:38 (10 hours ago)
150.129.115.118:48071,HTTP,HIA,India (Surat),150.129.115.118 (Gujarat Telelink Pvt Ltd),13.039,,15% (37) -,11-nov-2021 08:31 (10 hours ago)
37.120.192.154:8080,HTTP,ANM,Netherlands (Amsterdam),37.120.192.154 (M247 Ltd),2.882,,34% (527) +,11-nov-2021 08:31 (10 hours ago)
213.97.45.73:8083,HTTP,HIA,Spain (Badalona),73.red-213-97-45.staticip.rima-tde.net (Telefonica De Espana),1.797,,55% (6) +,11-nov-2021 08:27 (10 hours ago)
182.53.197.156:43060,HTTPS,HIA,Thailand (Lampang),node-1318.pool-182-53.dynamic.totinternet.net (TOT Public Company Limited),2.3,,17% (114) -,11-nov-2021 08:23 (10 hours ago)
3.239.128.184:49205,HTTP,HIA,United States (Ashburn),ec2-3-239-128-184.compute-1.amazonaws.com (AMAZON-AES),8.626,,57% (4) -,11-nov-2021 08:22 (10 hours ago)
150.129.148.88:35101,HTTP,HIA,India (Veraval),150.129.148.88 (Gujarat Telelink Pvt Ltd),4.817,,27% (126) -,11-nov-2021 08:15 (10 hours ago)
46.10.199.90:54567,HTTP,HIA,Bulgaria,46-10-199-90.ip.btc-net.bg (Vivacom),3.578,,25% (131) -,11-nov-2021 07:58 (10 hours ago)
150.129.151.42:6666,HTTP,HIA,India (Rajkot),150.129.151.42 (Gujarat Telelink Pvt Ltd),11.877,,9% (28) -,11-nov-2021 07:37 (11 hours ago)
124.122.8.9:8213,HTTPS,ANM,Thailand (Bangkok),ppp-124-122-8-9.revip2.asianet.co.th (True Online),1.483,,13% (1) -,11-nov-2021 07:33 (11 hours ago)
91.234.127.222:53281,HTTP,HIA,Poland (Toszek),222.127.234.91.ip4.krucznet.com.pl (naprawa sprzetu RTV i elektronicznego Jozef Kruczek),8.968,,28% (277) -,11-nov-2021 07:29 (11 hours ago)
223.29.199.144:55443,HTTPS,HIA,India (Panihati),223.29.199.144 (MEGHBELA BROADBAND),1.358,,28% (5) +,11-nov-2021 07:25 (11 hours ago)
113.160.206.37:55138,HTTP,HIA,VietNam (Thai Binh),static.vnpt.vn (VNPT Corp),10.605,,21% (111) -,11-nov-2021 07:14 (11 hours ago)
197.255.52.214:8081,HTTP,HIA,Nigeria (Lagos),197.255.52.214 (Cobranet Limited),1.95,,23% (127) -,11-nov-2021 07:06 (11 hours ago)
202.129.196.242:53879,HTTP,HIA,India (Coimbatore),202.129.196.242 (Wireline Solution India Pvt Ltd.),3.253,,13% (34) -,11-nov-2021 06:39 (12 hours ago)
14.161.252.185:55443,HTTPS,HIA,VietNam (Ho Chi Minh City) !!!,static.vnpt.vn (VNPT Corp),4.505,,21% (46) -,11-nov-2021 06:36 (12 hours ago)
212.46.230.102:6969,HTTP,HIA,Russia (Tomilino),212.46.230.102 (PVimpelCom),1.507,,28% (17) -,11-nov-2021 06:22 (12 hours ago)
146.120.175.252:8989,HTTP,HIA,Ukraine (Ivanykivka) !!!,252.175.120.146.in-addr.arpa (Gargat Igor Vasilevich),6.02,,35% (6) -,11-nov-2021 06:19 (12 hours ago)
49.12.43.32:5555,HTTPS,HIA,Germany,static.32.43.12.49.clients.your-server.de (Hetzner Online GmbH),2.093,,33% (1),11-nov-2021 05:54 (13 hours ago)
85.195.104.71:80,HTTP,HIA,Germany,85.195.104.71 (Host Europe GmbH),0.112,,31% (5),11-nov-2021 05:54 (13 hours ago)
34.238.28.59:49205,HTTP,HIA,United States (Ashburn),ec2-34-238-28-59.compute-1.amazonaws.com (AMAZON-AES),5.862,,31% (4) -,11-nov-2021 05:53 (13 hours ago)
34.201.29.118:49205,HTTP,HIA,United States (Ashburn),ec2-34-201-29-118.compute-1.amazonaws.com (AMAZON-AES),12.359,,57% (4) -,11-nov-2021 05:50 (13 hours ago)
115.243.184.76:23500,HTTP,HIA,India (Bhilwara),115.243.184.76.static.jio.com (Reliance Jio Infocomm Limited),3.248,,26% (104) +,11-nov-2021 05:50 (13 hours ago)
58.96.148.250:8080,HTTP,HIA,Australia (Sydney) !!!,58.96.148.250 (Cirrus Communications Pty Ltd),7.236,,13% (12) -,11-nov-2021 05:49 (13 hours ago)
108.21.233.5:8888,HTTP,HIA,United States (Merrick),pool-108-21-233-5.nycmny.fios.verizon.net (UUNET),1.039,,7% (6) -,11-nov-2021 05:41 (13 hours ago)
80.93.212.44:3155,HTTP,ANM,Turkey,static-80-93-212-44.fibersunucu.com.tr (FS Veri Merkezi Internet Teknolojileri Limited Sirketi),8.632,,17% (20) -,11-nov-2021 05:33 (13 hours ago)
176.15.85.63:55443,HTTP,HIA,Russia (Moscow),176.15.85.63 (PVimpelCom),4.156,,18% (7) -,11-nov-2021 05:29 (13 hours ago)
210.14.104.230:8080,HTTP,HIA,Myanmar,210.14.104-230.frontiir.com (Frontiir Co. Ltd),4.876,,26% (31) -,11-nov-2021 05:24 (13 hours ago)
190.152.182.150:55443,HTTP,HIA,Ecuador (Quito),150.182.152.190.static.anycast.cnt-grms.ec (CORPORACION NACIONAL DE TELECOMUNICACIONES - CNT EP),8.322,,18% (88) -,11-nov-2021 05:23 (13 hours ago)
185.239.56.245:8083,HTTP,HIA,Spain !!!,"185.239.56.245 (Quantis Global, S.l.u.)",2.156,,19% (12) -,11-nov-2021 05:19 (13 hours ago)
195.138.86.105:8081,HTTP,HIA,Ukraine (Odessa),presscentr.tenet.odessa.ua (TENET Scientific Production Enterprise LLC),2.078,,33% (1) +,11-nov-2021 05:18 (13 hours ago)
78.84.94.34:53281,HTTP,HIA,Latvia (Valmiera),78.84.94.34 (SIA Tet),3.516,,67% (2) +,11-nov-2021 05:09 (13 hours ago)
200.105.215.18:33630,HTTP,HIA,Bolivia (La Paz),static-200-105-215-18.acelerate.net (AXS Bolivia S. A.),10.839,,37% (410) -,11-nov-2021 05:05 (13 hours ago)
129.21.117.212:8080,HTTPS,HIA,United States (Rochester),Alecs-MBP.wireless.rit.edu (RIT-ASN),0.704,,18% (2) +,11-nov-2021 05:04 (13 hours ago)
146.120.214.21:8080,HTTP,HIA,Poland (Nysa) !!!,21.214.120.146.nysanet.pl (NysaNet sp. z o.o.),7.077,,33% (2) -,11-nov-2021 05:02 (13 hours ago)
47.242.254.136:8119,HTTP,HIA,Hong Kong (Central),"47.242.254.136 (Alibaba US Technology Co., Ltd.)",6.288,,14% (14) -,11-nov-2021 04:49 (14 hours ago)
135.181.49.81:30588,HTTPS,HIA,Finland (Helsinki) !!!,static.81.49.181.135.clients.your-server.de (Hetzner Online GmbH),10.676,,10% (6) -,11-nov-2021 04:49 (14 hours ago)
95.104.54.227:42119,HTTP,HIA,Georgia (K`alak`i T`bilisi),host-95-104-54-227.customer.magticom.ge (Magticom Ltd.),3.337,,26% (219) -,11-nov-2021 04:47 (14 hours ago)
103.79.74.1:53879,HTTP,HIA,India (Tirupur) !!!,103.79.74.1 (Tiruppur Broadwave Private Limited),7.796,,15% (17) -,11-nov-2021 04:44 (14 hours ago)
37.228.65.107:32052,HTTP,HIA,Kazakhstan,37.228.65.107 (Jusan Mobile JSC),4.456,,34% (338) -,11-nov-2021 04:37 (14 hours ago)
3.239.238.111:49205,HTTPS,HIA,United States (Ashburn),ec2-3-239-238-111.compute-1.amazonaws.com (AMAZON-AES),12.836,,13% (2) -,11-nov-2021 04:36 (14 hours ago)
18.206.151.157:49205,HTTPS,HIA,United States (Ashburn),ec2-18-206-151-157.compute-1.amazonaws.com (AMAZON-AES),7.656,,14% (2) -,11-nov-2021 04:27 (14 hours ago)
47.75.103.219:10006,HTTP,HIA,Hong Kong (Central) !!!,"47.75.103.219 (Alibaba US Technology Co., Ltd.)",2.935,,25% (1) -,11-nov-2021 03:42 (15 hours ago)
62.152.75.110:50287,HTTPS,HIA,Russia (Lomonosov),ctpress.ru (MTS PJSC),2.783,,28% (205) -,11-nov-2021 03:38 (15 hours ago)
100.25.255.96:49205,HTTPS,HIA,United States (Ashburn),ec2-100-25-255-96.compute-1.amazonaws.com (AMAZON-AES),8.822,,40% (2) -,11-nov-2021 03:22 (15 hours ago)
149.28.91.128:1088,HTTP,HIA,United States (Los Angeles),149.28.91.128.vultr.com (AS-CHOOPA),8.062,,21% (71) -,11-nov-2021 03:21 (15 hours ago)
78.129.239.197:808,HTTPS,HIA,United Kingdom,78.129.239.197 (Iomart Cloud Services Limited),7.618,,7% (17) -,11-nov-2021 03:18 (15 hours ago)
89.22.17.62:61616,HTTP,HIA,Russia (Moscow),89.22.17.62 (Fortex Cjsc),9.184,,19% (100) -,11-nov-2021 01:54 (17 hours ago)
95.165.163.188:60103,HTTP,HIA,Russia (Moscow),95-165-163-188.static.spd-mgts.ru (PJSC Moscow city telephone network),7.424,,20% (136) -,11-nov-2021 01:51 (17 hours ago)
44.192.39.230:49205,HTTPS,HIA,United States (Ashburn),ec2-44-192-39-230.compute-1.amazonaws.com (AMAZON-AES),9.173,,40% (2) -,11-nov-2021 01:50 (17 hours ago)
44.193.2.125:49205,HTTP,HIA,United States (Ashburn),ec2-44-193-2-125.compute-1.amazonaws.com (AMAZON-AES),13.65,,33% (5) -,11-nov-2021 01:29 (17 hours ago)
54.144.176.199:49205,HTTPS,HIA,United States (Ashburn),ec2-54-144-176-199.compute-1.amazonaws.com (AMAZON-AES),10.178,,50% (1) -,11-nov-2021 01:29 (17 hours ago)
200.25.254.193:54240,HTTP,HIA,Colombia (Puerto Carreño),200.25.254.193 (ANDINET ON LINE),3.145,,32% (83) -,11-nov-2021 01:28 (17 hours ago)
185.216.25.17:80,HTTP,HIA,France (Nanterre),tools1337.xyz (Datawire SAS),0.284,,11% (2),11-nov-2021 01:25 (17 hours ago)
54.91.38.31:49205,HTTPS,HIA,United States (Ashburn),ec2-54-91-38-31.compute-1.amazonaws.com (AMAZON-AES),5.241,,38% (5) -,11-nov-2021 01:18 (17 hours ago)
3.231.206.55:49205,HTTP,HIA,United States (Ashburn),ec2-3-231-206-55.compute-1.amazonaws.com (AMAZON-AES),6.504,,27% (3) -,11-nov-2021 01:14 (17 hours ago)
45.174.70.18:53281,HTTPS,HIA,Mexico (Navojoa) !!!,nav.index.com.mx (INDEX DATACOM S.A. DE C.V.),2.495,,28% (74) +,11-nov-2021 01:13 (17 hours ago)
103.107.94.2:52827,HTTPS,HIA,India (Noida),103.107.94.2 (Netncr Technology Pvt. Ltd.),7.089,,17% (50) -,11-nov-2021 01:07 (17 hours ago)
93.224.108.98:8080,HTTP,ANM,Germany (Siegen),p5de06c62.dip0.t-ipconnect.de (Deutsche Telekom AG),1.184,,20% (29) +,11-nov-2021 00:47 (18 hours ago)
103.22.172.42:59458,HTTP,HIA,India (Hyderabad),"103.22.172.42 (VAINAVI INDUSTIES LTD, INTERNET SERVICE PROVIDER, INDIA)",5.82,,16% (56) +,11-nov-2021 00:44 (18 hours ago)
195.9.61.22:45225,HTTP,HIA,Russia (Moscow),195.9.61.22 (PJSC Moscow city telephone network),4.319,,16% (86) -,11-nov-2021 00:44 (18 hours ago)
37.144.207.165:8000,HTTP,ANM,Russia (Kursk),37-144-207-165.broadband.corbina.ru (PVimpelCom),2.901,,40% (2) +,11-nov-2021 00:43 (18 hours ago)
77.238.79.111:8080,HTTP,HIA,Bulgaria (Sofia),ip-77.238.79.111.fiber1.bg (Fiber 1 Ltd.),2.693,,25% (377) -,11-nov-2021 00:43 (18 hours ago)
185.156.35.156:57367,HTTP,HIA,Poland (Bielsk Podlaski),"185.156.35.156.tvkhajnowka.pl (Telewizja Kablowa Hajnowka, Kiedys, Kiryluk, SJ)",10.919,,17% (96) -,11-nov-2021 00:43 (18 hours ago)
78.84.14.122:53281,HTTP,HIA,Latvia (Jūrmala),78.84.14.122 (SIA Tet),3.443,,20% (38) -,11-nov-2021 00:40 (18 hours ago)
1.179.148.9:55636,HTTPS,HIA,Thailand (Bangkok),1.179.148.9 (TOT Public Company Limited),8.769,,26% (197) -,11-nov-2021 00:39 (18 hours ago)
197.248.184.157:53281,HTTP,HIA,Kenya (Nairobi),197-248-184-157.safaricombusiness.co.ke (Safaricom),1.95,,25% (149) -,11-nov-2021 00:39 (18 hours ago)
3.239.31.229:49205,HTTP,HIA,United States (Ashburn),ec2-3-239-31-229.compute-1.amazonaws.com (AMAZON-AES),4.989,,44% (7) -,11-nov-2021 00:26 (18 hours ago)
181.176.151.214:3128,HTTP,HIA,Peru (El Jato),181.176.151.214 (VIETTEL PERU S.A.C.),5.857,,21% (59) -,11-nov-2021 00:24 (18 hours ago)
84.53.247.204:53281,HTTPS,HIA,Russia (Vladimir),mail2.aitek.ru (Rostelecom),2.132,,20% (180) +,11-nov-2021 00:23 (18 hours ago)
195.53.49.11:3128,HTTPS,HIA,Spain (Torrejón de Ardoz),a195-53-49-11.deploy.akamaitechnologies.com (Telefonica De Espana),1.72,,19% (229) +,11-nov-2021 00:23 (18 hours ago)
196.22.221.2:58893,HTTP,HIA,South Africa (Bellville),ctbackup.ct.stormnet.co.za (Vox-Telecom),6.596,,15% (37) -,11-nov-2021 00:22 (18 hours ago)
121.139.218.165:31409,HTTP,HIA,South Korea (Siheung-si),121.139.218.165 (Korea Telecom),8.092,,29% (275) -,11-nov-2021 00:20 (18 hours ago)
212.5.206.97:8080,HTTP,HIA,Slovakia (Cierny Balog) !!!,"server2.drsr.sk (Slovak Telecom, a. s.)",5.279,,19% (33) -,11-nov-2021 00:20 (18 hours ago)
212.175.55.46:53281,HTTP,HIA,Turkey,212.175.55.46 (Turk Telekom),1.737,,26% (72) +,11-nov-2021 00:19 (18 hours ago)
118.185.38.153:35101,HTTP,HIA,India,118.185.38.153 (Vodafone Idea Ltd),1.604,,25% (149) -,11-nov-2021 00:12 (18 hours ago)
110.74.208.154:21776,HTTP,HIA,Cambodia (Phnom Penh),ezecom.110.74.208.154.ezecom.com.kh (EZECOM limited),8.361,,20% (94) -,11-nov-2021 00:09 (18 hours ago)
124.13.205.187:53281,HTTP,HIA,Malaysia (Kuala Lumpur),"124.13.205.187 (TM Net, Internet Service Provider)",4.915,,30% (6) -,11-nov-2021 00:06 (18 hours ago)
118.174.196.112:36314,HTTP,HIA,Thailand (Phuket),118.174.196.112 (TOT Public Company Limited),6.969,,29% (346) -,11-nov-2021 00:04 (18 hours ago)
185.108.141.114:8080,HTTP,HIA,Bulgaria !!!,host.netx.bg (Ng Ltd),6.835,,19% (113) -,10-nov-2021 23:58 (18 hours ago)
95.31.5.29:54651,HTTP,HIA,Russia (Moscow),0850618208.static.corbina.ru (PVimpelCom),8.479,,23% (195) -,10-nov-2021 23:48 (19 hours ago)
181.52.85.249:36107,HTTP,HIA,Colombia (Cúcuta),static-ip-cr18152085249.cable.net.co (Telmex Colombia S.A.),3.05,,18% (110) +,10-nov-2021 23:47 (19 hours ago)
3.230.170.174:49205,HTTP,HIA,United States (Ashburn),ec2-3-230-170-174.compute-1.amazonaws.com (AMAZON-AES),9.635,,20% (3) -,10-nov-2021 23:40 (19 hours ago)
180.183.115.76:8213,HTTPS,ANM,Thailand (Bangkok),mx-ll-180.183.115-76.dynamic.3bb.in.th (JasTel Network International Gateway),3.766,,67% (2) +,10-nov-2021 23:39 (19 hours ago)
80.93.213.214:3137,HTTPS,ANM,Turkey,costumerchandise.com (FS Veri Merkezi Internet Teknolojileri Limited Sirketi),6.186,,14% (20) -,10-nov-2021 23:35 (19 hours ago)
200.69.77.58:7999,HTTP,HIA,Colombia (Puerto Gaitan),azteca-comunicaciones.com (TV AZTECA SUCURSAL COLOMBIA),10.659,,18% (16) -,10-nov-2021 23:24 (19 hours ago)
154.239.6.163:50800,HTTP,HIA,Egypt,154.239.6.163 (Etisalat Misr),3.422,,27% (32) -,10-nov-2021 23:23 (19 hours ago)
93.117.72.27:43631,HTTPS,HIA,Moldova,host-static-93-117-72-27.moldtelecom.md (Moldtelecom SA),4.182,,23% (132) -,10-nov-2021 23:23 (19 hours ago)
186.96.117.69:8080,HTTP,ANM,Colombia (Bogotá) !!!,azteca-comunicaciones.com (TV AZTECA SUCURSAL COLOMBIA),3.632,,20% (4) -,10-nov-2021 23:21 (19 hours ago)
146.120.175.255:8989,HTTPS,HIA,Ukraine (Ivanykivka) !!!,255.175.120.146.in-addr.arpa (Gargat Igor Vasilevich),5.484,,24% (9) +,10-nov-2021 23:18 (19 hours ago)
27.122.57.227:8080,HTTP,HIA,Hong Kong,27.122.57.227 (IPTELECOM Global),6.535,,12% (11) -,10-nov-2021 23:11 (19 hours ago)
3.219.217.124:49205,HTTP,HIA,United States (Ashburn),ec2-3-219-217-124.compute-1.amazonaws.com (AMAZON-AES),14.076,,56% (5) -,10-nov-2021 23:03 (19 hours ago)
186.159.3.193:56861,HTTP,HIA,Colombia (Medellín),adsl-186-159-3-193.edatel.net.co (EDATEL S.A. E.S.P),10.287,,22% (54) -,10-nov-2021 22:56 (20 hours ago)
81.252.38.12:8080,HTTP,HIA,France (Clichy-sous-Bois),12-38.252-81.static-ip.oleane.fr (Orange),10.918,,28% (428) +,10-nov-2021 22:50 (20 hours ago)
110.44.124.220:55443,HTTP,HIA,Nepal (Kathmandu),110.44.124.220 (Vianet Communications Pvt. Ltd.),4.693,,20% (114) +,10-nov-2021 22:48 (20 hours ago)
5.189.165.226:9999,HTTP,HIA,Germany (Nuremberg),vmi490851.contaboserver.net (Contabo GmbH),8.962,,17% (2) -,10-nov-2021 22:38 (20 hours ago)
158.58.133.106:41258,HTTP,HIA,Russia (Sochi),host-158-58-133-106.bisv.ru (OOO Pervaya Set),2.304,,23% (120) -,10-nov-2021 22:21 (20 hours ago)
178.151.34.43:8080,HTTPS,HIA,Ukraine (Kharkiv),43.34.151.178.triolan.net (Content Delivery Network Ltd),12.31,,24% (334) -,10-nov-2021 22:19 (20 hours ago)
61.216.185.88:60808,HTTPS,HIA,Taiwan (Taipei),61-216-185-88.hinet-ip.hinet.net (Data Communication Business Group),13.459,,17% (18) -,10-nov-2021 22:15 (20 hours ago)
3.237.188.208:49205,HTTP,HIA,United States (Ashburn),ec2-3-237-188-208.compute-1.amazonaws.com (AMAZON-AES),8.105,,25% (1) -,10-nov-2021 22:14 (20 hours ago)
188.163.170.130:41209,HTTPS,HIA,Ukraine,SOL-FTTB.130.170.163.188.sovam.net.ua (Kyivstar PJSC),3.131,,38% (420) +,10-nov-2021 22:12 (20 hours ago)
124.41.240.96:55443,HTTPS,HIA,Nepal,96.240.41.124.static.wlink.com.np (WorldLink Communications Pvt Ltd),4.448,,28% (79) +,10-nov-2021 22:06 (20 hours ago)
185.94.218.57:43403,HTTPS,HIA,Ukraine (Lviv),185-94-218-57.ip.litech.net (Laboratory of Information Technologies LLC),2.697,,19% (66) +,10-nov-2021 22:06 (20 hours ago)
5.228.203.129:8000,HTTPS,HIA,Russia (Moscow) !!!,broadband-5-228-203-129.ip.moscow.rt.ru (Rostelecom),0.241,,12% (12) +,10-nov-2021 22:05 (20 hours ago)
31.220.183.217:53281,HTTPS,HIA,Russia (Novokuznetsk),31-220-183-217.rdtc.ru (Regional Digital Telecommunication Company LLC),1.212,,28% (322) -,10-nov-2021 21:59 (20 hours ago)
175.139.179.65:42580,HTTPS,HIA,Malaysia (Petaling Jaya),"175.139.179.65 (TM Net, Internet Service Provider)",4.129,,18% (97) -,10-nov-2021 21:46 (21 hours ago)
5.228.34.83:8000,HTTPS,HIA,Russia (Moscow) !!!,broadband-5-228-34-83.ip.moscow.rt.ru (Rostelecom),1.015,,12% (13) +,10-nov-2021 21:45 (21 hours ago)
185.142.67.23:8080,HTTPS,HIA,Russia (Lytkarino),185.142.67.23.static.well-comm.ru (Limited Liability Company WELLCOM-L),4.642,,21% (200) -,10-nov-2021 21:38 (21 hours ago)
43.134.105.162:59394,HTTP,ANM,Singapore (Singapore),"43.134.105.162 (Tencent Building, Kejizhongyi Avenue)",1.291,,50% (2) -,10-nov-2021 21:28 (21 hours ago)
81.163.36.210:34197,HTTPS,HIA,Russia (Sergokala),81.163.36.210 (Subnet LLC),5.213,,25% (189) -,10-nov-2021 21:20 (21 hours ago)
46.101.245.251:8118,HTTP,HIA,Germany (Frankfurt am Main),46.101.245.251 (DIGITALOCEAN-ASN),0.023,,15% (8) -,10-nov-2021 21:16 (21 hours ago)
188.32.69.121:8000,HTTP,HIA,Russia (Moscow) !!!,broadband-188-32-69-121.ip.moscow.rt.ru (Rostelecom),0.983,,14% (14) -,10-nov-2021 21:14 (21 hours ago)
3.89.71.229:49205,HTTPS,HIA,United States (Ashburn),ec2-3-89-71-229.compute-1.amazonaws.com (AMAZON-AES),10.263,,16% (6) -,10-nov-2021 21:04 (21 hours ago)
92.207.253.226:38157,HTTPS,HIA,United Kingdom (Chelsea),92.207.253.226 (Gamma Telecom Holdings Ltd),7.891,,20% (190) +,10-nov-2021 21:00 (21 hours ago)
149.34.5.178:8080,HTTPS,ANM,Spain (Vandellos) !!!,cli-952205b2.wholesale.adamo.es (Adamo Telecom Iberia S.A.),1.707,,19% (5) -,10-nov-2021 20:52 (22 hours ago)
24.172.82.94:53281,HTTP,HIA,United States (Greensboro),rrcs-24-172-82-94.midsouth.biz.rr.com (TWC-11426-CAROLINAS),6.95,,20% (319) -,10-nov-2021 20:48 (22 hours ago)
41.203.37.20:6969,HTTPS,HIA,South Africa (Rivonia),41.203.37.20 (ECN Telecommunications),8.37,,33% (53) -,10-nov-2021 20:47 (22 hours ago)
213.230.127.141:3128,HTTP,HIA,Uzbekistan (Tashkent),213.230.127.141 (Uzbektelekom Joint Stock Company),1.062,,9% (9) -,10-nov-2021 20:46 (22 hours ago)
94.228.192.197:8087,HTTP,HIA,Russia (Moscow),union-tel.192.197.ru (Uniontel Ltd),7.532,,24% (125) -,10-nov-2021 20:46 (22 hours ago)
210.48.204.134:46669,HTTP,HIA,Malaysia (Merbok),210.48.204.134 (DiGi Telecommunications Sdn. Bhd.),5.617,,23% (96) -,10-nov-2021 20:41 (22 hours ago)
27.116.51.85:6666,HTTP,HIA,India (Vadodara),27.116.51.85 (Gujarat Telelink Pvt Ltd),1.867,,10% (14) -,10-nov-2021 20:16 (22 hours ago)
78.30.230.117:50932,HTTP,HIA,Ukraine (Sevastopol),host-117-230-30-78.sevstar.net (Lancom Ltd.),3.987,,28% (68) -,10-nov-2021 20:12 (22 hours ago)
101.51.106.70:49285,HTTP,HIA,Thailand (Nong Chik),node-kzq.pool-101-51.dynamic.totinternet.net (TOT Public Company Limited),4.786,,21% (181) -,10-nov-2021 20:04 (22 hours ago)
3.215.181.194:49205,HTTP,HIA,United States (Ashburn),ec2-3-215-181-194.compute-1.amazonaws.com (AMAZON-AES),5.611,,29% (2) -,10-nov-2021 19:50 (23 hours ago)
115.42.8.15:53281,HTTP,HIA,Australia (Sydney),15-8-42-115.ip.esc.net.au (Escape.net),4.665,,22% (64) -,10-nov-2021 19:22 (23 hours ago)
3.239.103.123:49205,HTTPS,HIA,United States (Ashburn),ec2-3-239-103-123.compute-1.amazonaws.com (AMAZON-AES),8.429,,new -,10-nov-2021 18:47 (1 days ago)
3.239.234.145:49205,HTTP,HIA,United States (Ashburn),ec2-3-239-234-145.compute-1.amazonaws.com (AMAZON-AES),9.189,,33% (4) -,10-nov-2021 18:36 (1 days ago)
3.230.0.112:49205,HTTP,HIA,United States (Ashburn),ec2-3-230-0-112.compute-1.amazonaws.com (AMAZON-AES),9.37,,38% (3) -,10-nov-2021 18:32 (1 days ago)
185.185.253.114:3128,HTTP,ANM,Ukraine (Kyiv) !!!,185.185.253.114 (SKP Kyivteleservis),1.932,,50% (2) -,10-nov-2021 18:30 (1 days ago)
41.60.232.66:8080,HTTPS,HIA,Kenya (Nairobi),41.60.232.66 (Liquid Telecommunications Ltd),5.529,,17% (2) -,10-nov-2021 18:24 (1 days ago)
110.74.199.16:63141,HTTP,HIA,Cambodia (Phnom Penh),ezecom.110.74.199.16.ezecom.com.kh (EZECOM limited),2.379,,24% (133) +,10-nov-2021 18:16 (1 days ago)
209.52.84.136:53281,HTTP,HIA,Canada (Hartley Bay) !!!,209.52.84.136 (TELUS Communications),5.768,,6% (9) -,10-nov-2021 17:57 (1 days ago)
71.167.151.15:8080,HTTP,HIA,United States (Roslyn),pool-71-167-151-15.nycmny.fios.verizon.net (UUNET),5.544,,28% (16) -,10-nov-2021 17:37 (1 days ago)
178.217.172.206:55443,HTTP,HIA,Kyrgyzstan,178.217.172.206 (Kyrgyz research and education network association),4.46,,28% (90) -,10-nov-2021 17:35 (1 days ago)
176.36.20.67:61935,HTTP,HIA,Ukraine (Kyiv),host-176-36-20-67.b024.la.net.ua (Lanet Network Ltd),6.478,,54% (81) -,10-nov-2021 17:21 (1 days ago)
49.51.188.253:7788,HTTPS,ANM,United States (Santa Clara),"49.51.188.253 (Tencent Building, Kejizhongyi Avenue)",9.352,,50% (2) +,10-nov-2021 17:08 (1 days ago)
20.119.66.122:49205,HTTP,HIA,United States,20.119.66.122 (MICROSOFT-CORP-MSN-AS-BLOCK),12.398,,38% (3) -,10-nov-2021 17:04 (1 days ago)
181.209.82.154:23500,HTTPS,HIA,Argentina (Caleta Olivia),154.82.209.181.in-addr.arpa (Empresa Argentina de Soluciones Satelitales S.A.),6.47,,22% (153) -,10-nov-2021 16:59 (1 days ago)
37.215.164.179:8080,HTTP,ANM,Belarus (Minsk),mm-179-164-215-37.mfilial.dynamic.pppoe.byfly.by (Republican Unitary Telecommunication Enterprise Beltelecom),0.208,,33% (1) -,10-nov-2021 16:57 (1 days ago)
20.119.57.81:49205,HTTP,HIA,United States,20.119.57.81 (MICROSOFT-CORP-MSN-AS-BLOCK),4.772,,22% (2) -,10-nov-2021 16:51 (1 days ago)
3.221.159.153:49205,HTTP,HIA,United States (Ashburn),ec2-3-221-159-153.compute-1.amazonaws.com (AMAZON-AES),14.57,,29% (2) -,10-nov-2021 16:44 (1 days ago)
3.238.76.124:49205,HTTPS,HIA,United States (Ashburn),ec2-3-238-76-124.compute-1.amazonaws.com (AMAZON-AES),13.259,,57% (4) -,10-nov-2021 16:42 (1 days ago)
101.255.125.124:8080,HTTP,HIA,Indonesia (Bekasi),101.255.125.124 (PT Remala Abadi),5.665,,22% (32) -,10-nov-2021 15:55 (1 days ago)
89.47.120.66:8081,HTTP,HIA,Romania,client-89-47-120-66.crosstelecom.ro (Tennet Telecom Srl),9.045,,30% (62) -,10-nov-2021 15:44 (1 days ago)
18.216.120.176:49205,HTTP,HIA,United States (Columbus),ec2-18-216-120-176.us-east-2.compute.amazonaws.com (AMAZON-02),7.543,,21% (16) -,10-nov-2021 15:41 (1 days ago)
3.218.244.215:49205,HTTP,HIA,United States (Ashburn),ec2-3-218-244-215.compute-1.amazonaws.com (AMAZON-AES),7.137,,46% (6) -,10-nov-2021 15:36 (1 days ago)
158.101.146.40:59394,HTTP,ANM,Japan (Tokyo),158.101.146.40 (ORACLE-BMC-31898),4.413,,12% (5) -,10-nov-2021 15:29 (1 days ago)
3.92.19.88:49205,HTTP,HIA,United States (Ashburn),ec2-3-92-19-88.compute-1.amazonaws.com (AMAZON-AES),8.321,,29% (2) -,10-nov-2021 14:13 (1 days ago)
134.209.42.113:8118,HTTPS,HIA,United States (Clifton) !!!,134.209.42.113 (DIGITALOCEAN-ASN),14.994,,4% (6) -,10-nov-2021 14:11 (1 days ago)
160.16.227.58:3128,HTTPS,HIA,Japan (Tokyo),tk2-255-37304.vs.sakura.ne.jp (SAKURA Internet Inc.),3.191,,33% (1) +,10-nov-2021 14:10 (1 days ago)
3.227.22.49:49205,HTTP,HIA,United States (Ashburn),ec2-3-227-22-49.compute-1.amazonaws.com (AMAZON-AES),12.289,,50% (1) -,10-nov-2021 14:09 (1 days ago)
149.161.156.27:8080,HTTP,HIA,United States (Bloomington),149.161.156.27 (INDIANA-AS),1.701,,40% (2) +,10-nov-2021 13:50 (1 days ago)
103.87.206.249:48792,HTTP,HIA,India (Dehradun) !!!,103.87.206.249 (Netflix Durga Webtech Pvt Ltd),1.936,,15% (32) -,10-nov-2021 13:36 (1 days ago)
81.163.57.147:41258,HTTPS,HIA,Russia (Makhachkala),81.163.57.147 (Subnet LLC),3.326,,22% (176) -,10-nov-2021 13:32 (1 days ago)
103.81.114.182:53281,HTTP,HIA,Myanmar,103.81.114.182 (HORIZON TELECOM INTERNATIONAL COMPANY LIMITED),2.191,,22% (144) -,10-nov-2021 13:30 (1 days ago)
181.129.74.58:40667,HTTPS,HIA,Colombia (Medellín),static-181-129-74-58.une.net.co (EPM Telecomunicaciones S.A. E.S.P.),2.849,,22% (128) -,10-nov-2021 13:30 (1 days ago)
194.114.128.149:61213,HTTP,HIA,Russia (Sochi),194.114.128.149 (OOO Matritsa),3.305,,30% (249) -,10-nov-2021 13:24 (1 days ago)
35.181.35.61:3128,HTTPS,HIA,France (Paris) !!!,ec2-35-181-35-61.eu-west-3.compute.amazonaws.com (AMAZON-02),0.639,,new +,10-nov-2021 13:24 (1 days ago)
62.205.169.74:53281,HTTP,HIA,Russia (Nizhniy Novgorod),62.205.169.74 (PVimpelCom),1.071,,23% (218) -,10-nov-2021 13:20 (1 days ago)
3.222.113.187:49205,HTTP,HIA,United States (Ashburn),ec2-3-222-113-187.compute-1.amazonaws.com (AMAZON-AES),9.73,,36% (5) -,10-nov-2021 13:14 (1 days ago)
44.195.60.95:49205,HTTP,HIA,United States (Ashburn),ec2-44-195-60-95.compute-1.amazonaws.com (AMAZON-AES),10.106,,25% (1) -,10-nov-2021 13:12 (1 days ago)
34.231.255.52:49205,HTTPS,HIA,United States (Ashburn),ec2-34-231-255-52.compute-1.amazonaws.com (AMAZON-AES),11.957,,50% (4) -,10-nov-2021 13:06 (1 days ago)
85.158.75.102:53281,HTTPS,HIA,Latvia (Ventspils),85.158.75.102 (SIA SkaTVis),2.217,,17% (16) -,10-nov-2021 12:55 (1 days ago)
180.94.69.66:8080,HTTPS,HIA,Afghanistan,180.94.69.66 (AFGHANTELECOM GOVERNMENT COMMUNICATION NETWORK),2.091,,10% (24) -,10-nov-2021 12:52 (1 days ago)
93.159.247.109:3128,HTTP,HIA,Russia (Krasnoyarsk),faer-alk.ru (Nemerov Evgeniy Vladimirovish PE),5.395,,26% (20) -,10-nov-2021 12:48 (1 days ago)
40.114.33.210:49205,HTTP,HIA,United States (Washington),40.114.33.210 (MICROSOFT-CORP-MSN-AS-BLOCK),8.769,,27% (3) -,10-nov-2021 12:47 (1 days ago)
77.238.146.153:55443,HTTP,HIA,Russia (Voronezh),77.238.146.153 (LLC Intercon),5.103,,27% (32) +,10-nov-2021 12:44 (1 days ago)
50.233.42.98:51696,HTTP,HIA,United States (Evanston),50-233-42-98-static.hfc.comcastbusiness.net (COMCAST-7922),4.987,,32% (678) -,10-nov-2021 12:43 (1 days ago)
116.251.214.13:443,HTTPS,HIA,Singapore,116.251.214.13 (SG.GS),3.916,,67% (2) +,10-nov-2021 12:39 (1 days ago)
162.155.10.150:55443,HTTP,HIA,United States (Athens),rrcs-162-155-10-150.central.biz.rr.com (TWC-10796-MIDWEST),6.548,,29% (410) -,10-nov-2021 12:38 (1 days ago)
140.227.122.204:59394,HTTP,ANM,Japan (Tokyo),"140-227-122-204.indigo.static.arena.ne.jp (NTT PC Communications, Inc.)",7.997,,28% (9) -,10-nov-2021 12:35 (1 days ago)
3.237.60.28:49205,HTTP,HIA,United States (Ashburn),ec2-3-237-60-28.compute-1.amazonaws.com (AMAZON-AES),5.258,,40% (2) -,10-nov-2021 12:34 (1 days ago)
181.129.52.157:42648,HTTP,HIA,Colombia (Medellín),aspmx2.googlemail.com (EPM Telecomunicaciones S.A. E.S.P.),6.209,,12% (12) -,10-nov-2021 12:28 (1 days ago)
31.129.253.30:40223,HTTP,HIA,Ukraine (Kharkiv),31.129.253.30 (FOP Samoilenko Igor Olegovich),5.63,,18% (93) -,10-nov-2021 12:26 (1 days ago)
114.32.84.229:8118,HTTP,ANM,Taiwan (Taoyuan District),114-32-84-229.hinet-ip.hinet.net (Data Communication Business Group),2.896,,13% (7) -,10-nov-2021 12:23 (1 days ago)
212.95.180.50:53281,HTTP,HIA,Bulgaria (Sofia),212.95.180.50 (A1 Bulgaria EAD),2.569,,30% (295) -,10-nov-2021 11:58 (1 days ago)
54.193.134.2:20096,HTTP,HIA,United States (San Jose),ec2-54-193-134-2.us-west-1.compute.amazonaws.com (AMAZON-02),7.512,,9% (71) -,10-nov-2021 11:57 (1 days ago)
200.32.51.179:8080,HTTP,HIA,Argentina (Buenos Aires),200.32.51.179 (Telefonica de Argentina),7.096,,24% (248) -,10-nov-2021 11:50 (1 days ago)
51.159.6.157:9090,HTTP,HIA,France (Paris),51-159-6-157.rev.poneytelecom.eu (Online S.a.s.),2.085,,20% (1) -,10-nov-2021 11:45 (1 days ago)
68.183.233.127:8080,HTTP,HIA,Singapore (Singapore),68.183.233.127 (DIGITALOCEAN-ASN),1.118,,10% (8) +,10-nov-2021 11:42 (1 days ago)
44.193.226.131:49205,HTTP,HIA,United States (Ashburn),ec2-44-193-226-131.compute-1.amazonaws.com (AMAZON-AES),9.019,,11% (1) -,10-nov-2021 11:39 (1 days ago)
186.148.102.20:8083,HTTP,HIA,Panama,host-186-148-102-20.ufinetlatam.net (UFINET PANAMA S.A.),5.193,,22% (17) -,10-nov-2021 10:42 (1 days ago)
167.71.162.244:3128,HTTPS,ANM,United States (Clifton),167.71.162.244 (DIGITALOCEAN-ASN),7.748,,14% (13) +,10-nov-2021 10:24 (1 days ago)
185.230.4.233:55443,HTTPS,HIA,Bulgaria (Pernik),185.230.4.233 (VIPNET PRIM Ltd),3.615,,25% (4) -,10-nov-2021 10:22 (1 days ago)
94.253.104.174:55443,HTTP,HIA,Russia (Pavlovskiy Posad),94-253-104-174.dynvpn.flex.ru (Flex Ltd.),5.879,,33% (1) -,10-nov-2021 10:01 (1 days ago)
193.226.199.106:9090,HTTPS,HIA,Hungary (Budapest),193.226.199.106 (Invitech ICT Services Kft.),2.446,,23% (42) -,10-nov-2021 09:19 (1 days ago)
85.159.48.170:40014,HTTP,HIA,Hungary,host-48-170.comunique.hu (Kalasznet Kabel TV Kft),2.469,,26% (219) -,10-nov-2021 09:10 (1 days ago)
185.104.252.10:9090,HTTP,HIA,Lebanon,185.104.252.10 (B_smart.net S.a.r.l),3.926,,26% (135) -,10-nov-2021 08:48 (1 days ago)
61.72.254.69:8060,HTTP,HIA,South Korea (Seoul),61.72.254.69 (Korea Telecom),3.006,,14% (10) +,10-nov-2021 08:37 (1 days ago)
190.183.246.27:8080,HTTPS,HIA,Argentina (Posadas),190.183.246.27 (Gigared S.A.),3.501,,27% (61) -,10-nov-2021 08:36 (1 days ago)
78.153.4.52:8080,HTTP,HIA,Russia (Yekaterinburg),4-52.e66.utk.ru (MTS PJSC),4.555,,33% (1) -,10-nov-2021 08:26 (1 days ago)
62.213.14.166:8080,HTTP,HIA,Russia (Samara),14.213.62-166.samtel.ru (Rostelecom),11.934,,31% (584) -,10-nov-2021 08:24 (1 days ago)
41.60.234.217:8080,HTTP,HIA,Kenya (Nairobi),41.60.234.217 (Liquid Telecommunications Ltd),4.999,,33% (3) -,10-nov-2021 08:23 (1 days ago)
197.157.219.169:48625,HTTP,HIA,Nigeria (Lagos) !!!,197.157.219.169 (KKON),4.336,,22% (117) -,10-nov-2021 08:12 (1 days ago)
81.161.61.88:35953,HTTP,HIA,Slovakia (Banská Bystrica),"81.161.61.88 (LIFEPC, s.r.o.)",7.48,,21% (95) -,10-nov-2021 07:58 (1 days ago)
117.2.28.235:55443,HTTPS,HIA,VietNam (Nha Trang),localhost (Viettel Group),2.002,,27% (23) +,10-nov-2021 07:51 (1 days ago)
190.2.210.123:999,HTTP,ANM,Colombia (Santiago de Cali) !!!,azteca-comunicaciones.com (TV AZTECA SUCURSAL COLOMBIA),9.044,,28% (22) -,10-nov-2021 07:49 (1 days ago)
81.174.11.159:61743,HTTPS,HIA,Italy (Caiolo),81-174-11-159.static.eolo.it (EOLO S.p.A.),8.496,,22% (73) -,10-nov-2021 07:43 (1 days ago)
13.250.105.27:443,HTTP,ANM,Singapore (Singapore),ec2-13-250-105-27.ap-southeast-1.compute.amazonaws.com (AMAZON-02),2.02,,24% (7) -,10-nov-2021 07:35 (1 days ago)
96.9.77.71:8080,HTTP,HIA,Cambodia (Phnom Penh),"71.77.9.96.sinet.com.kh (SINET, Cambodias specialist Internet and Telecom Service Provider.)",5.42,,21% (227) -,10-nov-2021 07:14 (1 days ago)
212.50.36.245:8083,HTTP,HIA,Turkey,212.50.36.245 (Eser Telekom),8.993,,17% (1) -,10-nov-2021 07:13 (1 days ago)
5.183.71.145:39305,HTTPS,HIA,Russia,5.183.71.145 (BCLan LLC),1.565,,27% (51) +,10-nov-2021 07:13 (1 days ago)
46.17.40.183:80,HTTP,HIA,Russia (Moscow),46.17.40.183 (LLC Baxet),8.143,,new,10-nov-2021 06:31 (1 days ago)
3.216.132.134:49205,HTTPS,HIA,United States (Ashburn),ec2-3-216-132-134.compute-1.amazonaws.com (AMAZON-AES),14.039,,33% (2) -,10-nov-2021 05:52 (1 days ago)
109.86.182.203:3128,HTTPS,HIA,Ukraine (Kharkiv),203.182.86.109.triolan.net (Content Delivery Network Ltd),3.69,,22% (176) -,10-nov-2021 05:40 (1 days ago)
3.88.202.89:49205,HTTP,HIA,United States (Ashburn),ec2-3-88-202-89.compute-1.amazonaws.com (AMAZON-AES),5.054,,15% (14) -,10-nov-2021 05:34 (1 days ago)
109.173.102.90:8000,HTTPS,HIA,Russia (Khimki) !!!,broadband-109-173-102-90.ip.moscow.rt.ru (Rostelecom),0.232,,21% (24) +,10-nov-2021 05:31 (1 days ago)
220.135.165.38:8080,HTTP,HIA,Taiwan (Tainan City),220-135-165-38.hinet-ip.hinet.net (Data Communication Business Group),1.545,,7% (69) -,10-nov-2021 05:21 (1 days ago)
49.49.89.32:8888,HTTP,HIA,Thailand (Ban Kha),mx-ll-49.49.89-32.dynamic.3bb.in.th (Triple T Broadband Public Company Limited),12.508,,20% (1) -,10-nov-2021 04:48 (1 days ago)
143.244.139.84:3128,HTTP,HIA,India (Bengaluru),143.244.139.84 (DIGITALOCEAN-ASN),1.367,,8% (3) -,10-nov-2021 04:46 (1 days ago)
37.144.199.227:8000,HTTP,ANM,Russia (Kursk),37-144-199-227.broadband.corbina.ru (PVimpelCom),0.308,,30% (3) +,10-nov-2021 04:45 (1 days ago)
103.96.79.73:8080,HTTPS,HIA,Cambodia !!!,"103.96.79.73 (CAMHR INFORMATIONCAMBODIA Co.,LTD)",6.346,,17% (18) -,10-nov-2021 04:07 (1 days ago)
213.6.66.66:48687,HTTP,HIA,Palestinian Territory,213.6.66.66 (Palestine Telecommunications Company (PALTEL)),5.768,,20% (110) -,10-nov-2021 03:42 (1 days ago)
213.226.11.149:41878,HTTPS,HIA,Bulgaria (Sofia),wimax-pool-11-149.mtel.net (A1 Bulgaria EAD),4.084,,36% (341) -,10-nov-2021 03:38 (1 days ago)
5.190.63.97:8080,HTTP,ANM,Iran,5.190.63.97 (Iran Telecommunication Company PJS),6.708,,40% (2) -,10-nov-2021 03:29 (1 days ago)
78.111.106.38:3147,HTTP,ANM,Turkey,server.sharkyazilim.com (FS Veri Merkezi Internet Teknolojileri Limited Sirketi),5.429,,27% (38) -,10-nov-2021 03:28 (1 days ago)
34.206.1.129:49205,HTTP,HIA,United States (Ashburn),ec2-34-206-1-129.compute-1.amazonaws.com (AMAZON-AES),13.382,,22% (2) -,10-nov-2021 02:07 (1 days ago)
180.210.14.4:8000,HTTP,ANM,South Korea !!!,180.210.14.4 (Korea Telecom),10.41,,13% (31) -,10-nov-2021 01:56 (1 days ago)
31.131.67.14:8080,HTTP,HIA,Russia,31.131.67.14 (PE Zinstein Hariton Vladimirovich),0.984,,34% (645) -,10-nov-2021 01:55 (1 days ago)
154.0.15.166:46547,HTTP,HIA,South Africa (Johannesburg),u33a-cust.coolideas.co.za (COOL-IDEAS),9.063,,26% (230) -,10-nov-2021 01:44 (1 days ago)
77.38.21.239:8080,HTTPS,HIA,Slovenia (Slovenj Gradec),77.38.21.239.ipv4.telemach.net (Telemach UG d.o.o.),3.573,,28% (410) -,10-nov-2021 01:13 (1 days ago)
94.177.236.210:8081,HTTP,HIA,France (Paris),host210-236-177-94.static.arubacloud.fr (Aruba SAS),1.463,,12% (19) -,10-nov-2021 01:02 (1 days ago)
93.80.28.81:35427,HTTP,HIA,Russia (Moscow),93-80-28-81.broadband.corbina.ru (PVimpelCom),11.947,,14% (16) -,10-nov-2021 00:55 (1 days ago)
82.200.107.98:3128,HTTP,HIA,Russia (Tomsk),mail.prodexomsk.ru (Joint Stock Company TransTeleCom),0.435,,25% (40) -,10-nov-2021 00:38 (1 days ago)
202.61.254.57:8118,HTTPS,HIA,Germany (Nuremberg) !!!,v2202103144966148071.luckysrv.de (netcup GmbH),5.292,,4% (3) -,09-nov-2021 23:40 (1 days ago)
89.237.36.129:37647,HTTP,HIA,Russia (Novotroitsk) !!!,89.237.36.129 (Joint Stock Company TransTeleCom),7.223,,5% (2) -,09-nov-2021 23:36 (1 days ago)
94.74.132.129:808,HTTPS,ANM,Iran,94.74.132.129 (Farahoosh Dena PLC),7.841,,23% (254) -,09-nov-2021 23:23 (1 days ago)
31.204.180.44:53281,HTTP,HIA,Russia (Veliky Novgorod),ab-31-204-180-44.mxc.ru (Ltd Maxima),5.458,,29% (262) -,09-nov-2021 23:16 (1 days ago)
3.94.93.17:49205,HTTP,HIA,United States (Ashburn),ec2-3-94-93-17.compute-1.amazonaws.com (AMAZON-AES),12.205,,16% (19) -,09-nov-2021 23:10 (1 days ago)
34.237.114.107:3128,HTTP,ANM,United States (Ashburn) !!!,ec2-34-237-114-107.compute-1.amazonaws.com (AMAZON-AES),13.53,,19% (54) -,09-nov-2021 22:56 (1 days ago)
12.218.209.130:53281,HTTP,HIA,United States (Fremont),12.218.209.130 (ATT-INTERNET4),5.952,,22% (440) -,09-nov-2021 22:53 (1 days ago)
198.135.53.217:59394,HTTP,ANM,United States,198.135.53.217 (MAJESTIC-HOSTING-01),0.976,,41% (11) -,09-nov-2021 22:32 (1 days ago)
23.107.176.102:32180,HTTP,ANM,United States,23.107.176.102 (LEASEWEB-USA-LAX-11),6.405,,7% (1),09-nov-2021 22:32 (1 days ago)
140.227.25.56:5678,HTTPS,HIA,Japan (Isahaya),"140-227-25-56.vpscloud.static.arena.ne.jp (NTT PC Communications, Inc.)",4.608,,13% (27) -,09-nov-2021 22:15 (1 days ago)
75.119.146.237:6969,HTTP,HIA,Germany (Düsseldorf),vmi578716.contaboserver.net (Contabo GmbH),0.121,,9% (7) -,09-nov-2021 22:09 (1 days ago)
197.248.83.89:6969,HTTPS,HIA,Kenya (Maragua),197-248-83-89.safaricombusiness.co.ke (Safaricom),3.364,,22% (31) -,09-nov-2021 22:08 (1 days ago)
34.201.11.51:49205,HTTP,HIA,United States (Ashburn),ec2-34-201-11-51.compute-1.amazonaws.com (AMAZON-AES),12.143,,13% (1) -,09-nov-2021 22:03 (1 days ago)
3.239.106.53:49205,HTTP,HIA,United States (Ashburn),ec2-3-239-106-53.compute-1.amazonaws.com (AMAZON-AES),14.449,,15% (2) -,09-nov-2021 21:31 (1 days ago)
110.172.160.42:44047,HTTPS,HIA,India,110.172.160.42 (AS Number for Interdomain Routing),3.975,,8% (34) -,09-nov-2021 21:08 (1 days ago)
24.106.221.230:53281,HTTP,HIA,United States (High Point),24.106.221.230 (TWC-11426-CAROLINAS),5.192,,16% (308) -,09-nov-2021 21:05 (1 days ago)
3.238.217.180:49205,HTTPS,HIA,United States (Ashburn),ec2-3-238-217-180.compute-1.amazonaws.com (AMAZON-AES),9.646,,20% (3) -,09-nov-2021 20:58 (1 days ago)
18.139.115.213:443,HTTP,ANM,Singapore (Singapore),ec2-18-139-115-213.ap-southeast-1.compute.amazonaws.com (AMAZON-02),1.978,,23% (22) -,09-nov-2021 20:46 (1 days ago)
23.94.186.132:808,HTTP,ANM,United States,23-94-186-132-host.colocrossing.com (AS-COLOCROSSING),3.607,,18% (3) -,09-nov-2021 20:41 (1 days ago)
3.228.0.140:49205,HTTPS,HIA,United States (Ashburn),ec2-3-228-0-140.compute-1.amazonaws.com (AMAZON-AES),4.521,,33% (4) -,09-nov-2021 20:38 (1 days ago)
18.141.184.73:443,HTTP,ANM,Singapore (Singapore),ec2-18-141-184-73.ap-southeast-1.compute.amazonaws.com (AMAZON-02),2.06,,14% (9) -,09-nov-2021 20:31 (1 days ago)
113.254.178.224:8380,HTTP,ANM,Hong Kong (Central),224-178-254-113-on-nets.com (HGC Global Communications Limited),1.644,,18% (4) -,09-nov-2021 20:18 (1 days ago)
103.28.86.241:61954,HTTP,HIA,Nepal (Lamjung) !!!,103.28.86.241 (TECHMINDS NETWORKS PVT. LTD.),4.278,,25% (165) -,09-nov-2021 20:07 (1 days ago)
95.140.27.135:58901,HTTP,HIA,Russia (Moscow),tashirtelecom.ru (Sputnik Ltd),6.053,,17% (105) -,09-nov-2021 19:25 (1 days ago)
44.192.62.121:49205,HTTPS,HIA,United States (Ashburn),ec2-44-192-62-121.compute-1.amazonaws.com (AMAZON-AES),7.391,,18% (2) -,09-nov-2021 18:22 (2 days ago)
196.41.102.130:46004,HTTP,HIA,South Africa (Cape Town),130.102.41.196.lightspeed.co.za (Cybersmart),3.759,,18% (91) -,09-nov-2021 18:15 (2 days ago)
136.228.141.154:8080,HTTP,ANM,Cambodia,"154.141.228.136.sinet.com.kh (SINET, Cambodias specialist Internet and Telecom Service Provider.)",5.651,,48% (28) +,09-nov-2021 18:15 (2 days ago)
103.130.141.98:8080,HTTPS,HIA,Cambodia,103.130.141.98 (ESURFING TECHNOLOGY CO.LTD),3.647,,25% (67) -,09-nov-2021 17:45 (2 days ago)
41.190.147.158:54018,HTTP,HIA,Uganda (Kampala),41.190.147.158 (Liquid Telecommunications Ltd),4.404,,18% (89) -,09-nov-2021 17:33 (2 days ago)
192.162.193.243:36910,HTTP,HIA,Russia (Uglich),192.162.193.243 (Sigma-Net Ltd.),4.916,,31% (220) -,09-nov-2021 17:20 (2 days ago)
190.210.8.93:8080,HTTP,HIA,Argentina (Buenos Aires) !!!,customer-static-210-8-93.iplannetworks.net (NSS S.A.),7.908,,12% (14) -,09-nov-2021 16:47 (2 days ago)
191.100.20.14:8080,HTTP,HIA,Ecuador (Cuenca),14.191-100-20.etapanet.net (ETAPA EP),7.833,,18% (116) -,09-nov-2021 16:39 (2 days ago)
36.255.211.1:54623,HTTP,HIA,India (Ahmedabad) !!!,36.255.211.1.static.fiberpipe.in (Fiberpipe communications pvt. ltd),6.952,,15% (56) -,09-nov-2021 16:11 (2 days ago)
190.152.17.62:55443,HTTP,HIA,Ecuador,62.17.152.190.static.anycast.cnt-grms.ec (CORPORACION NACIONAL DE TELECOMUNICACIONES - CNT EP),4.77,,17% (105) -,09-nov-2021 15:59 (2 days ago)
218.145.227.2:4002,HTTPS,HIA,South Korea (Seoul) !!!,218.145.227.2 (Korea Telecom),2.854,,25% (1) -,09-nov-2021 15:28 (2 days ago)
200.116.198.172:49422,HTTP,HIA,Colombia (Manizales),static-200-116-198-172.une.net.co (EPM Telecomunicaciones S.A. E.S.P.),6.017,,11% (6) +,09-nov-2021 15:16 (2 days ago)
46.35.249.189:41419,HTTP,HIA,Ukraine (Sevastopol),host-189-249-35-46.sevstar.net (Lancom Ltd.),5.643,,19% (111) -,09-nov-2021 15:10 (2 days ago)
52.70.6.78:8000,HTTP,ANM,United States (Ashburn),ec2-52-70-6-78.compute-1.amazonaws.com (AMAZON-AES),7.561,,9% (5) -,09-nov-2021 14:09 (2 days ago)
14.207.160.163:8080,HTTP,HIA,Thailand (Udon Thani),mx-ll-14.207.160-163.dynamic.3bb.in.th (JasTel Network International Gateway),1.624,,33% (1) -,09-nov-2021 14:03 (2 days ago)
178.18.249.105:8080,HTTP,HIA,Germany !!!,vmi576602.contaboserver.net (Contabo GmbH),4.063,,20% (9) -,09-nov-2021 13:41 (2 days ago)
148.251.249.243:3128,HTTP,HIA,Germany !!!,smg.aryogen.com (Hetzner Online GmbH),0.104,,10% (20) -,09-nov-2021 13:36 (2 days ago)
81.24.117.250:18080,HTTP,HIA,Russia (St Petersburg),relay.zoloto585.ru (JSC Severen-Telecom),1.96,,27% (82) -,09-nov-2021 13:34 (2 days ago)
110.74.222.71:44970,HTTP,HIA,Cambodia (Phnom Penh),ezecom.110.74.222.71.ezecom.com.kh (EZECOM limited),7.546,,19% (113) -,09-nov-2021 13:26 (2 days ago)
3.218.244.163:49205,HTTPS,HIA,United States (Ashburn),ec2-3-218-244-163.compute-1.amazonaws.com (AMAZON-AES),7.785,,33% (1) -,09-nov-2021 13:17 (2 days ago)
118.201.86.149:3128,HTTPS,ANM,Singapore (Singapore) !!!,118.201.86.149 (SingNet),4.657,,100% (11) -,09-nov-2021 12:56 (2 days ago)
86.57.181.122:35709,HTTPS,HIA,Belarus (Minsk),181.57.86.122.inter-02.vitebsk.by (Republican Unitary Telecommunication Enterprise Beltelecom),0.808,,24% (55) +,09-nov-2021 12:52 (2 days ago)
184.88.199.21:8118,HTTP,HIA,United States (Ormond Beach),184-088-199-021.res.spectrum.com (BHN-33363),1.098,,9% (19) -,09-nov-2021 12:51 (2 days ago)
182.52.236.134:8080,HTTP,HIA,Thailand (Bangkok),node-1apy.pool-182-52.dynamic.totinternet.net (TOT Public Company Limited),8.744,,22% (115) +,09-nov-2021 12:48 (2 days ago)
94.130.217.104:2356,HTTPS,HIA,Germany,cubichost01.catto.host (Hetzner Online GmbH),4.461,,11% (5) +,09-nov-2021 12:47 (2 days ago)
49.248.32.110:48434,HTTPS,HIA,India (Mumbai),static-110.32.248.49-tataidc.co.in (Tata Teleservices Maharashtra Ltd),2.703,,14% (57) -,09-nov-2021 12:42 (2 days ago)
3.239.30.154:49205,HTTP,HIA,United States (Ashburn),ec2-3-239-30-154.compute-1.amazonaws.com (AMAZON-AES),7.47,,23% (3) -,09-nov-2021 12:42 (2 days ago)
117.121.211.170:8080,HTTPS,ANM,Thailand (Thalang),117.121.211.170 (UIH),8.545,,22% (188) -,09-nov-2021 12:38 (2 days ago)
142.54.171.186:3128,HTTP,ANM,United States,142.54.171.186 (NOCIX),11.413,,11% (81) -,09-nov-2021 12:34 (2 days ago)
54.169.129.64:8118,HTTP,HIA,Singapore (Singapore),ec2-54-169-129-64.ap-southeast-1.compute.amazonaws.com (AMAZON-02),1.58,,11% (4) -,09-nov-2021 12:34 (2 days ago)
78.92.231.44:55443,HTTP,HIA,Hungary (Budapest),78.92.231.44 (Szatmarnet Bt.),3.563,,26% (71) -,09-nov-2021 12:34 (2 days ago)
188.0.241.198:8989,HTTP,HIA,Iran (Tehran) !!!,emg8hp.mizbanfa.net (Asiatech Data Transmission company),1.437,,10% (2) +,09-nov-2021 12:33 (2 days ago)
95.31.119.210:31135,HTTPS,HIA,Russia (Kursk),95-31-119-210.broadband.corbina.ru (PVimpelCom),9.264,,19% (134) -,09-nov-2021 12:29 (2 days ago)
200.54.194.12:53281,HTTP,HIA,Chile (Recoleta),200-54-194-12.static.tie.cl (Telefonica Empresas),7.583,,29% (152) -,09-nov-2021 12:27 (2 days ago)
140.227.211.47:8080,HTTP,HIA,Japan,"140-227-211-47.vpscloud.static.arena.ne.jp (NTT PC Communications, Inc.)",4.656,,14% (98) -,09-nov-2021 12:24 (2 days ago)
43.134.97.79:59394,HTTP,ANM,Singapore (Singapore),"43.134.97.79 (Tencent Building, Kejizhongyi Avenue)",5.973,,14% (1) -,09-nov-2021 12:22 (2 days ago)
196.15.213.235:3128,HTTP,HIA,South Africa (Christiana),196.15.213.235 (SAIX-NET),1.267,,23% (35) -,09-nov-2021 12:20 (2 days ago)
92.247.142.182:42367,HTTP,HIA,Bulgaria,92.247.142.182 (A1 Bulgaria EAD),9.102,,21% (91) -,09-nov-2021 12:16 (2 days ago)
140.227.122.55:59394,HTTP,ANM,Japan (Tokyo),"140-227-122-55.indigo.static.arena.ne.jp (NTT PC Communications, Inc.)",7.979,,21% (5) -,09-nov-2021 11:48 (2 days ago)
125.99.100.49:40390,HTTP,HIA,India (Mumbai) !!!,125.99.100.49 (Hathway IP Over Cable Internet),7.315,,18% (31) -,09-nov-2021 11:24 (2 days ago)
44.192.116.45:49205,HTTPS,HIA,United States (Ashburn),ec2-44-192-116-45.compute-1.amazonaws.com (AMAZON-AES),4.503,,22% (2) -,09-nov-2021 11:13 (2 days ago)
206.189.146.13:8080,HTTP,HIA,Singapore (Singapore),206.189.146.13 (DIGITALOCEAN-ASN),1.065,,15% (33) +,09-nov-2021 11:10 (2 days ago)
202.57.35.74:38629,HTTP,HIA,Philippines (Pasay),202.57.35.74 (A Multihomed ISP Company),5.842,,20% (135) -,09-nov-2021 11:10 (2 days ago)
23.107.176.51:32180,HTTP,ANM,United States,23.107.176.51 (LEASEWEB-USA-LAX-11),7.561,,12% (11) -,09-nov-2021 10:53 (2 days ago)
185.61.92.207:43947,HTTPS,HIA,Russia (Moscow),185.61.92.207 (Fortex Cjsc),7.49,,15% (58) -,09-nov-2021 10:38 (2 days ago)
44.195.93.110:49205,HTTP,HIA,United States (Ashburn),ec2-44-195-93-110.compute-1.amazonaws.com (AMAZON-AES),2.759,,13% (1) -,09-nov-2021 10:31 (2 days ago)
217.11.184.27:3128,HTTP,HIA,Tajikistan !!!,217.11.184.27 (LLC Babilon-T),5.962,,4% (3) -,09-nov-2021 10:19 (2 days ago)
91.193.253.188:23500,HTTP,HIA,Ukraine (Makiivka),as42959-91-193-253-188.mol.net.ua (Online Technologies LTD),2.452,,22% (173) -,09-nov-2021 10:16 (2 days ago)
195.225.230.50:8080,HTTPS,HIA,Ukraine (Uzhhorod),050-230-225-195.kram.ua (KRAM Ltd),12.018,,26% (75) -,09-nov-2021 10:04 (2 days ago)
115.79.198.18:55443,HTTP,HIA,VietNam (Ho Chi Minh City),115.79.198.18 (Viettel Group),9.179,,24% (51) -,09-nov-2021 09:47 (2 days ago)
78.154.167.68:8080,HTTPS,HIA,Ukraine,78.154.167.68.in-addr.arpa (Eurotranstelecom Ltd),5.886,,21% (195) -,09-nov-2021 09:42 (2 days ago)
167.71.220.180:8083,HTTPS,ANM,Singapore (Singapore) !!!,167.71.220.180 (DIGITALOCEAN-ASN),10.234,,7% (4) +,09-nov-2021 09:32 (2 days ago)
49.51.184.221:7788,HTTP,ANM,United States (Santa Clara),"49.51.184.221 (Tencent Building, Kejizhongyi Avenue)",9.185,,22% (2) +,09-nov-2021 09:28 (2 days ago)
79.104.25.218:8080,HTTP,HIA,Russia (Verkhnyaya Pyshma),79.104.25.218 (PVimpelCom),11.335,,35% (745) -,09-nov-2021 09:21 (2 days ago)
78.111.97.182:3142,HTTP,ANM,Turkey,server.kiralikwebsiteler.com (FS Veri Merkezi Internet Teknolojileri Limited Sirketi),14.528,,17% (74) -,09-nov-2021 08:39 (2 days ago)
203.193.131.74:3128,HTTP,HIA,India (Kolkata),203.193.131.74 (Software Technology Parks of India - Bangalore),5.394,,28% (70) -,09-nov-2021 08:39 (2 days ago)
123.30.128.45:3128,HTTP,HIA,VietNam !!!,static.vnpt.vn (Vietnam Posts and Telecommunications VNPT),1.701,,12% (7) -,09-nov-2021 08:32 (2 days ago)
94.228.122.11:3128,HTTPS,ANM,Russia,577603-cp50750.tmweb.ru (Artnet Sp. z o.o.),3.905,,16% (7) +,09-nov-2021 08:29 (2 days ago)
82.140.238.54:55443,HTTP,HIA,Russia (Vyshniy Volochëk),broadband-82-140-238-54.atc.tvcom.ru (Rostelecom),5.098,,13% (1) -,09-nov-2021 07:56 (2 days ago)
37.57.38.133:44299,HTTP,HIA,Ukraine (Poltava),133.38.57.37.triolan.net (Content Delivery Network Ltd),4.406,,17% (11) -,09-nov-2021 07:27 (2 days ago)
122.15.131.65:57873,HTTP,HIA,India (Mumbai),122.15.131.65 (Vodafone Idea Ltd),10.752,,22% (75) -,09-nov-2021 07:15 (2 days ago)
44.193.199.70:49205,HTTPS,HIA,United States (Ashburn),ec2-44-193-199-70.compute-1.amazonaws.com (AMAZON-AES),6.25,,27% (3) -,09-nov-2021 06:04 (2 days ago)
175.100.103.170:55443,HTTP,HIA,Cambodia (Phnom Penh),dynamic-ip-adsl.metfone.com.kh (ISPIXP IN CAMBODIA WITH THE BEST VERVICE IN THERE.),3.741,,15% (55) -,09-nov-2021 05:39 (2 days ago)
34.219.207.9:8888,HTTP,HIA,United States (Boardman),ec2-34-219-207-9.us-west-2.compute.amazonaws.com (AMAZON-02),8.277,,5% (18) -,09-nov-2021 04:58 (2 days ago)
91.150.189.122:30389,HTTP,HIA,Poland,91.150.189.122.skyware.pl (Skyware Sp. z o.o.),3.202,,18% (102) -,09-nov-2021 04:52 (2 days ago)
3.227.248.24:49205,HTTPS,HIA,United States (Ashburn),ec2-3-227-248-24.compute-1.amazonaws.com (AMAZON-AES),8.955,,10% (1),09-nov-2021 04:48 (2 days ago)
52.87.246.148:49205,HTTP,HIA,United States (Ashburn),ec2-52-87-246-148.compute-1.amazonaws.com (AMAZON-AES),5.239,,12% (6) -,09-nov-2021 04:47 (2 days ago)
3.235.105.57:49205,HTTPS,HIA,United States (Ashburn),ec2-3-235-105-57.compute-1.amazonaws.com (AMAZON-AES),3.691,,11% (1),09-nov-2021 04:45 (2 days ago)
113.53.29.218:33885,HTTP,HIA,Thailand (Nakhon Sawan),node-5wa.pool-113-53.dynamic.totinternet.net (TOT Public Company Limited),8.41,,17% (104) -,09-nov-2021 04:29 (2 days ago)
190.220.1.173:56974,HTTP,HIA,Argentina (Tres de Febrero),190.220.1.173 (AMX Argentina S.A.),8.094,,30% (50) -,09-nov-2021 00:54 (2 days ago)
110.77.232.92:18960,HTTP,HIA,Thailand (Ban Ko Wiwatthana),"110.77.232.92 (CAT TELECOM Public Company Ltd,CAT)",4.584,,17% (2) -,09-nov-2021 00:44 (2 days ago)
77.70.35.87:37475,HTTPS,HIA,Bulgaria (Sofia),77.70.35.87 (A1 Bulgaria EAD),1.596,,24% (141) -,09-nov-2021 00:37 (2 days ago)
34.70.168.180:80,HTTP,HIA,United States (Council Bluffs),180.168.70.34.bc.googleusercontent.com (GOOGLE),5.963,,29% (4) +,09-nov-2021 00:36 (2 days ago)
34.82.168.48:80,HTTP,HIA,United States (The Dalles),48.168.82.34.bc.googleusercontent.com (GOOGLE-PRIVATE-CLOUD),0.863,,15% (3),09-nov-2021 00:13 (2 days ago)
206.253.164.122:80,HTTP,ANM,Canada (Toronto),206.253.164.122 (ARACHNITEC),0.92,,100% (13) +,09-nov-2021 00:12 (2 days ago)
38.90.33.62:80,HTTP,HIA,United States !!!,us1nms1.oilspace.net (COGENT-174),6.599,,24% (167) -,08-nov-2021 23:34 (2 days ago)
210.14.35.194:55443,HTTPS,HIA,Philippines (Subic),"ipnet4-host194.subictel.com (PLDT Subic Telecom, Inc.)",2.405,,23% (46) -,08-nov-2021 23:21 (2 days ago)
88.151.251.195:6969,HTTPS,HIA,Russia (Moscow),subscriber.ipls.ru (LLC IPLS),4.955,,17% (20) -,08-nov-2021 23:09 (2 days ago)
171.97.54.42:55443,HTTP,ANM,Thailand (Chiang Mai),ppp-171-97-54-42.revip8.asianet.co.th (True Online),10.939,,19% (20) +,08-nov-2021 23:05 (2 days ago)
167.71.230.124:8080,HTTP,HIA,India (Bengaluru),167.71.230.124 (DIGITALOCEAN-ASN),6.641,,13% (78) +,08-nov-2021 22:40 (2 days ago)
89.111.105.105:41258,HTTP,HIA,Czech Republic (Lanskroun) !!!,"89.111.105.105 (Telco Pro Services, a. s.)",12.827,,9% (6) -,08-nov-2021 22:22 (2 days ago)
45.32.106.159:59394,HTTP,ANM,Singapore (Singapore),45.32.106.159.vultr.com (AS-CHOOPA),1.256,,13% (1) +,08-nov-2021 22:11 (2 days ago)
45.32.102.182:59394,HTTP,ANM,Singapore (Singapore),45.32.102.182.vultr.com (AS-CHOOPA),1.028,,13% (1) +,08-nov-2021 22:11 (2 days ago)
103.212.93.253:48434,HTTP,HIA,India (Mumbai) !!!,103.212.93.253 (Best Telnet Services Private Limited),7.215,,20% (25) -,08-nov-2021 21:24 (2 days ago)
113.176.94.250:8080,HTTP,HIA,VietNam (Ho Chi Minh City) !!!,static.vnpt.vn (VNPT Corp),3.905,,21% (28) -,08-nov-2021 21:14 (2 days ago)
81.24.92.220:41258,HTTP,HIA,Russia (Makhachkala),81.24.92.220 (Subnet LLC),6.319,,33% (2) -,08-nov-2021 20:57 (2 days ago)
113.160.37.152:53281,HTTP,HIA,VietNam (Hanoi),static.vnpt-hanoi.com.vn (VNPT Corp),4.235,,21% (40) -,08-nov-2021 18:40 (3 days ago)
37.120.159.223:8118,HTTP,HIA,United Kingdom (Manchester),37.120.159.223 (M247 Ltd),5.333,,16% (7) -,08-nov-2021 18:34 (3 days ago)
46.28.109.236:8118,HTTP,HIA,Czech Republic,"46.28.109.236 (WEDOS Internet, a.s.)",0.503,,8% (15) -,08-nov-2021 18:31 (3 days ago)
45.93.249.174:8118,HTTP,HIA,Germany,teamharald.de (SYNLINQ),0.381,,9% (9) -,08-nov-2021 16:34 (3 days ago)
207.244.234.205:8000,HTTPS,HIA,United States (St Louis),vmi595062.contaboserver.net (CONTABO),14.471,,14% (1) -,08-nov-2021 16:21 (3 days ago)
